scenario,checkpoint,checkpoint_millions,n_chains,exact_p,p_over_p0,empirical_sd,aggregate_obm_sd,empirical_relative_sd,aggregate_obm_relative_sd,obm_over_empirical_sd_ratio,mean_obm_mcse,median_obm_mcse,relative_bias,relative_rmse,beta_used,sigma_t
gwas_additive_score_near_v04_n140,250000,0.25,30,4.470911347597148e-08,0.8941822695194296,1.720167524682022e-08,1.4874927714149334e-08,0.3847465071313729,0.3327045999725254,0.8647371549988428,1.4101414153165659e-08,1.3308828031976207e-08,0.03197393924639358,0.37962860585366487,2.509765625,3.90823356604951
gwas_additive_score_near_v04_n140,500000,0.5,30,4.470911347597148e-08,0.8941822695194296,9.843012699282321e-09,9.00802478260521e-09,0.2201567406290076,0.20148072914589316,0.9151694768474705,8.837170896044637e-09,8.484354975566846e-09,0.007111713780239448,0.21657316062353446,2.509765625,3.90823356604951
gwas_additive_score_near_v04_n140,750000,0.75,30,4.470911347597148e-08,0.8941822695194296,7.426904038153708e-09,7.0308782795883625e-09,0.16611611058101686,0.15725827986652088,0.946676871475534,6.966263052538768e-09,6.806701836800406e-09,-0.0051130608280793854,0.16340406006515698,2.509765625,3.90823356604951
gwas_additive_score_near_v04_n140,1000000,1.0,30,4.470911347597148e-08,0.8941822695194296,5.1422222887803715e-09,5.993124216906958e-09,0.1150150805728683,0.13404703763871118,1.1654735793867057,5.961251584371732e-09,5.892106765642011e-09,-0.012689992267792216,0.11379172071948189,2.509765625,3.90823356604951
gwas_additive_score_near_v04_n140,1250000,1.25,30,4.470911347597148e-08,0.8941822695194296,4.002577422131658e-09,5.253056917242825e-09,0.08952486665348013,0.11749409703831488,1.3124185651467541,5.2296197911926225e-09,5.09098691495175e-09,-0.02948591672534895,0.09282760532018572,2.509765625,3.90823356604951
gwas_additive_score_near_v04_n140,1500000,1.5,30,4.470911347597148e-08,0.8941822695194296,3.982925532244639e-09,4.784840387720212e-09,0.08908531667453498,0.10702158946389717,1.2013381493034447,4.766759088221404e-09,4.764242403605846e-09,-0.012619258107280817,0.08849236991937187,2.509765625,3.90823356604951
gwas_additive_score_near_v04_n140,1750000,1.75,30,4.470911347597148e-08,0.8941822695194296,4.226825188323028e-09,4.422025414735132e-09,0.09454057259700975,0.09890657789740588,1.0461812868323397,4.404510699279418e-09,4.387663555997502e-09,-0.007270583775129347,0.09323545781069184,2.509765625,3.90823356604951
gwas_additive_score_near_v04_n140,2000000,2.0,30,4.470911347597148e-08,0.8941822695194296,4.0177632599168225e-09,4.1022116177802395e-09,0.08986452531822475,0.09175336522798506,1.021018749090051,4.0872886995770665e-09,4.105605160993445e-09,-0.0047055452589560565,0.08847930437771845,2.509765625,3.90823356604951
gwas_additive_score_near_v04_n140,2250000,2.25,30,4.470911347597148e-08,0.8941822695194296,3.6731245767840748e-09,3.904795977451185e-09,0.08215605927319859,0.08733780819764596,1.0630720237836162,3.88770554864858e-09,3.839612569121317e-09,0.0012029073931638656,0.08078414319853335,2.509765625,3.90823356604951
gwas_additive_score_near_v04_n140,2500000,2.5,30,4.470911347597148e-08,0.8941822695194296,3.6035992314767456e-09,3.6615604642545757e-09,0.08060099946766935,0.08189740702916083,1.0160842616103227,3.6468203133593893e-09,3.576678432953301e-09,-0.004649734955297302,0.079382557570931,2.509765625,3.90823356604951
gwas_additive_score_near_v04_n140,2750000,2.75,30,4.470911347597148e-08,0.8941822695194296,3.6770762124938265e-09,3.498652305661682e-09,0.08224444473653093,0.07825367209622713,0.9514766905766319,3.486813573345803e-09,3.4670372249337205e-09,0.0005873981640913684,0.08086422016950878,2.509765625,3.90823356604951
gwas_additive_score_near_v04_n140,3000000,3.0,30,4.470911347597148e-08,0.8941822695194296,3.625582198112773e-09,3.3537359603384896e-09,0.08109268818450875,0.07501235653310204,0.9250199766769078,3.3427392383717048e-09,3.308385585189492e-09,0.008164141100743816,0.08014659365398188,2.509765625,3.90823356604951
gwas_additive_score_near_v04_n140,3250000,3.25,30,4.470911347597148e-08,0.8941822695194296,3.4755937409792657e-09,3.2038913181201343e-09,0.07773792568817527,0.07166081071685838,0.9218256093467996,3.194597902948186e-09,3.141353795794503e-09,0.008209214307026036,0.07687090988682864,2.509765625,3.90823356604951
gwas_additive_score_near_v04_n140,3500000,3.5,30,4.470911347597148e-08,0.8941822695194296,3.3299180101928254e-09,3.0620806070666846e-09,0.0744796250988618,0.0684889582682594,0.9195663670077477,3.0551803667379367e-09,3.0583273277245837e-09,0.004392464248621719,0.07335939711593546,2.509765625,3.90823356604951
gwas_additive_score_near_v04_n140,3750000,3.75,30,4.470911347597148e-08,0.8941822695194296,3.1408204288027172e-09,2.9695824955656584e-09,0.07025011646653928,0.06642007109270093,0.9454798715435206,2.962784959337857e-09,2.9753893111872507e-09,0.004260209269480342,0.0692006186229335,2.509765625,3.90823356604951
gwas_additive_score_near_v04_n140,4000000,4.0,30,4.470911347597148e-08,0.8941822695194296,2.9320068663458296e-09,2.8720843801287783e-09,0.06557962434038445,0.06423934980666425,0.9795626378284261,2.86658216536723e-09,2.8713157999250416e-09,0.0027470333560182247,0.06453585889460338,2.509765625,3.90823356604951
gwas_additive_score_near_v04_n140,4250000,4.25,30,4.470911347597148e-08,0.8941822695194296,2.9046080903619167e-09,2.7763308434283457e-09,0.06496680127471043,0.06209764917214161,0.9558366420037109,2.7712454182938682e-09,2.7554327326214684e-09,-0.0007712548851266376,0.06387950056971814,2.509765625,3.90823356604951
gwas_additive_score_near_v04_n140,4500000,4.5,30,4.470911347597148e-08,0.8941822695194296,2.601569900769982e-09,2.677874629787114e-09,0.05818880533536352,0.05989549829088681,1.0293302628518834,2.673638699806065e-09,2.670801747887777e-09,-0.004795245394913494,0.057411382807555734,2.509765625,3.90823356604951
gwas_additive_score_near_v04_n140,4750000,4.75,30,4.470911347597148e-08,0.8941822695194296,2.501077695211058e-09,2.621570406592705e-09,0.05594111582094421,0.05863615273878434,1.0481763167982987,2.617039986050553e-09,2.6029053053126045e-09,0.00020283283272282127,0.055001236038904125,2.509765625,3.90823356604951
gwas_additive_score_near_v04_n140,5000000,5.0,30,4.470911347597148e-08,0.8941822695194296,2.4293614951248597e-09,2.560510578052033e-09,0.054337053594911894,0.05727043949167449,1.0539850010755327,2.5560099743772473e-09,2.52736701239885e-09,0.004380307385282389,0.05360303448860593,2.509765625,3.90823356604951
gwas_additive_score_near_v05_n140,250000,0.25,30,4.9457522506233647e-08,0.989150450124673,1.7436243447534807e-08,1.5766886480731175e-08,0.3525498764184384,0.31879652845012424,0.9042593680326452,1.526817771794012e-08,1.4476651249519583e-08,0.06742621725836484,0.35312131478809544,2.505859375,3.8093010407218
gwas_additive_score_near_v05_n140,500000,0.5,30,4.9457522506233647e-08,0.989150450124673,9.539523961598287e-09,9.265021393522076e-09,0.19288317485769574,0.18733290557274293,0.9712247100399106,9.167054071410075e-09,9.219512536823114e-09,-0.026338348125736655,0.19146147677031744,2.505859375,3.8093010407218
gwas_additive_score_near_v05_n140,750000,0.75,30,4.9457522506233647e-08,0.989150450124673,7.56145897471277e-09,7.634640087492375e-09,0.15288794487754054,0.1543676209525073,1.0096781736202416,7.554014151726408e-09,7.425315820519679e-09,-0.0005660966532087253,0.1503192825222457,2.505859375,3.8093010407218
gwas_additive_score_near_v05_n140,1000000,1.0,30,4.9457522506233647e-08,0.989150450124673,6.644105795082227e-09,6.349961920799301e-09,0.13433964053182812,0.1283922363882855,0.9557285986474443,6.314327083500096e-09,6.27914632484452e-09,0.016738414163670834,0.13313805701724815,2.505859375,3.8093010407218
gwas_additive_score_near_v05_n140,1250000,1.25,30,4.9457522506233647e-08,0.989150450124673,6.248606249136515e-09,5.7050306318729435e-09,0.12634288845238736,0.11535213133965372,0.9130085021217832,5.676416277014425e-09,5.580166875849712e-09,0.020490571068527252,0.1258979935627398,2.505859375,3.8093010407218
gwas_additive_score_near_v05_n140,1500000,1.5,30,4.9457522506233647e-08,0.989150450124673,5.721140138945444e-09,5.185618257707954e-09,0.11567785544098673,0.10484993980550394,0.9063959511161004,5.162667371493202e-09,5.094357216871285e-09,0.019584731990178517,0.11540746260636156,2.505859375,3.8093010407218
gwas_additive_score_near_v05_n140,1750000,1.75,30,4.9457522506233647e-08,0.989150450124673,5.245822978002848e-09,4.825518420503176e-09,0.10606724138560848,0.0975689475730404,0.9198782423154341,4.806798495667924e-09,4.7803586174232855e-09,0.02146509532918839,0.10647065960225373,2.505859375,3.8093010407218
gwas_additive_score_near_v05_n140,2000000,2.0,30,4.9457522506233647e-08,0.989150450124673,4.913548782640857e-09,4.511493760557765e-09,0.0993488661309622,0.09121956644692696,0.9181742077124548,4.494925963662735e-09,4.4627226965700105e-09,0.029962650929328483,0.10217118516899497,2.505859375,3.8093010407218
gwas_additive_score_near_v05_n140,2250000,2.25,30,4.9457522506233647e-08,0.989150450124673,4.80536098865341e-09,4.230237465888162e-09,0.09716137697855246,0.08553274105784375,0.8803162709059216,4.216615027684359e-09,4.157413019900644e-09,0.02155103018512694,0.09792906772691659,2.505859375,3.8093010407218
gwas_additive_score_near_v05_n140,2500000,2.5,30,4.9457522506233647e-08,0.989150450124673,4.961672782370064e-09,4.181860997239275e-09,0.10032190313909664,0.08455459928693743,0.8428328873476633,4.122001205244166e-09,3.971099802440799e-09,0.023317958656282833,0.10135447023704183,2.505859375,3.8093010407218
gwas_additive_score_near_v05_n140,2750000,2.75,30,4.9457522506233647e-08,0.989150450124673,4.471520138552816e-09,4.002228859871545e-09,0.09041132495040008,0.08092255044451735,0.8950488281076702,3.946071908645646e-09,3.809726450511738e-09,0.028682182377040677,0.09340450565088981,2.505859375,3.8093010407218
gwas_additive_score_near_v05_n140,3000000,3.0,30,4.9457522506233647e-08,0.989150450124673,4.303096642401853e-09,3.7801079333687706e-09,0.08700590778398753,0.0764314050080516,0.8784622441709404,3.7250795231831296e-09,3.614985705415601e-09,0.012567248835228195,0.08646172254987614,2.505859375,3.8093010407218
gwas_additive_score_near_v05_n140,3250000,3.25,30,4.9457522506233647e-08,0.989150450124673,4.396231017711947e-09,3.573207298190027e-09,0.08888902627821368,0.07224800428973487,0.8127887919888548,3.5262768501254533e-09,3.4000573005697346e-09,0.002023841354561018,0.08741841697697972,2.505859375,3.8093010407218
gwas_additive_score_near_v05_n140,3500000,3.5,30,4.9457522506233647e-08,0.989150450124673,4.490935807275488e-09,3.4769852319813036e-09,0.09080389756097161,0.07030245462746466,0.7742228749625978,3.4251703618154084e-09,3.295064151515803e-09,0.0011614166264211079,0.08928522707462926,2.505859375,3.8093010407218
gwas_additive_score_near_v05_n140,3750000,3.75,30,4.9457522506233647e-08,0.989150450124673,4.40400227655354e-09,3.338292524430493e-09,0.08904615624445114,0.06749817530810875,0.7580133512199171,3.2988830058740914e-09,3.19340747646254e-09,0.0020776811564242603,0.08757412538055172,2.505859375,3.8093010407218
gwas_additive_score_near_v05_n140,4000000,4.0,30,4.9457522506233647e-08,0.989150450124673,4.549726755906332e-09,3.225550265024004e-09,0.09199261356718551,0.06521859772934349,0.708954721475676,3.1914792713656405e-09,3.1557646580946184e-09,0.0016679280391476148,0.09046178697752942,2.505859375,3.8093010407218
gwas_additive_score_near_v05_n140,4250000,4.25,30,4.9457522506233647e-08,0.989150450124673,4.118465438608352e-09,3.123173481765633e-09,0.08327278096247662,0.06314860355918529,0.7583342699656034,3.0913952586428674e-09,3.0610976746456823e-09,0.0018298628023454278,0.08189358488587,2.505859375,3.8093010407218
gwas_additive_score_near_v05_n140,4500000,4.5,30,4.9457522506233647e-08,0.989150450124673,4.05415940296613e-09,3.012734315406522e-09,0.08197255336546916,0.06091559307336505,0.7431218203216988,2.983543435240935e-09,2.9482560399414485e-09,-0.0037835809480454285,0.08068352789264535,2.505859375,3.8093010407218
gwas_additive_score_near_v05_n140,4750000,4.75,30,4.9457522506233647e-08,0.989150450124673,3.811268388915728e-09,2.917300840854761e-09,0.07706144982161924,0.05898598823843356,0.765440935447925,2.8897271695387576e-09,2.8511944358507904e-09,-0.006673933238434682,0.07605957883041878,2.505859375,3.8093010407218
gwas_additive_score_near_v05_n140,5000000,5.0,30,4.9457522506233647e-08,0.989150450124673,3.5542529691389683e-09,2.87586809953587e-09,0.07186475967717527,0.05814824426705552,0.809134331322669,2.8466379162782483e-09,2.8200332525763223e-09,-0.008069419433689995,0.0711161567953422,2.505859375,3.8093010407218
gwas_additive_score_near_v07_n140,250000,0.25,30,3.811919785310818e-08,0.7623839570621636,1.2756074788669557e-08,1.3230735762441574e-08,0.33463649570552145,0.3470885146488664,1.0372105825370066,1.2750087826723221e-08,1.2221724723593633e-08,0.03336317706179992,0.3306992082942737,2.53515625,3.714705198188289
gwas_additive_score_near_v07_n140,500000,0.5,30,3.811919785310818e-08,0.7623839570621636,6.7844721374979075e-09,8.151193484323817e-09,0.17798045393404607,0.21383433921496284,1.2014484427273295,8.072379947544525e-09,7.986149023081251e-09,0.06473359770575593,0.18657861414181623,2.53515625,3.714705198188289
gwas_additive_score_near_v07_n140,750000,0.75,30,3.811919785310818e-08,0.7623839570621636,6.620824386014547e-09,6.239166797570129e-09,0.17368740054624984,0.1636751859683059,0.942354974819962,6.176609829726082e-09,5.897924218510214e-09,0.039774705216460315,0.17533899503519637,2.53515625,3.714705198188289
gwas_additive_score_near_v07_n140,1000000,1.0,30,3.811919785310818e-08,0.7623839570621636,5.281828234194365e-09,5.2809066404247064e-09,0.13856084418533202,0.13853666755461672,0.9998255161416094,5.229635472413588e-09,5.054408308764385e-09,0.009987148556259262,0.13659751251856037,2.53515625,3.714705198188289
gwas_additive_score_near_v07_n140,1250000,1.25,30,3.811919785310818e-08,0.7623839570621636,5.217290666764103e-09,4.689346804692989e-09,0.13686779787100617,0.12301798224514914,0.8988088079059321,4.650984551767639e-09,4.539406537783452e-09,0.014782666270938716,0.1353768623005224,2.53515625,3.714705198188289
gwas_additive_score_near_v07_n140,1500000,1.5,30,3.811919785310818e-08,0.7623839570621636,4.5211543576549535e-09,4.268388124607318e-09,0.11860570558376285,0.11197476245579707,0.9440925451661109,4.240253301584758e-09,4.163711191216433e-09,0.003418022512258201,0.11666227251493574,2.53515625,3.714705198188289
gwas_additive_score_near_v07_n140,1750000,1.75,30,3.811919785310818e-08,0.7623839570621636,3.734345715621858e-09,3.9761734405490795e-09,0.09796496059576358,0.10430894836431792,1.0647577228630936,3.955943222420107e-09,3.958635503113856e-09,0.007793603201505128,0.09663316876332388,2.53515625,3.714705198188289
gwas_additive_score_near_v07_n140,2000000,2.0,30,3.811919785310818e-08,0.7623839570621636,3.025279851780823e-09,3.709242939431349e-09,0.07936368082661914,0.09730642690134424,1.2260825844749248,3.694394288199924e-09,3.780118686245232e-09,0.012660661733928213,0.07905019330829482,2.53515625,3.714705198188289
gwas_additive_score_near_v07_n140,2250000,2.25,30,3.811919785310818e-08,0.7623839570621636,2.927818665414576e-09,3.4974183621997614e-09,0.07680693273496694,0.09174952672606114,1.194547464128736,3.4854685954714714e-09,3.5387238437017206e-09,0.0015728199237758922,0.075532345266523,2.53515625,3.714705198188289
gwas_additive_score_near_v07_n140,2500000,2.5,30,3.811919785310818e-08,0.7623839570621636,2.4837415067295453e-09,3.3007111159156906e-09,0.06515723432325649,0.08658920706135888,1.328926986553398,3.2926346778655678e-09,3.3306855039170774e-09,0.004894484626470241,0.06424877943011302,2.53515625,3.714705198188289
gwas_additive_score_near_v07_n140,2750000,2.75,30,3.811919785310818e-08,0.7623839570621636,2.682686156380341e-09,3.1333096767298333e-09,0.0703762489105368,0.08219768130494247,1.167974743999687,3.128098628658892e-09,3.1426539453017234e-09,0.00481672362321639,0.0693608200414544,2.53515625,3.714705198188289
gwas_additive_score_near_v07_n140,3000000,3.0,30,3.811919785310818e-08,0.7623839570621636,2.52745522709759e-09,2.9856865393350863e-09,0.06630399823304532,0.07832500964055933,1.181301455837739,2.9794605956950102e-09,2.9739448084571612e-09,0.0013653886999231979,0.06520386334617476,2.53515625,3.714705198188289
gwas_additive_score_near_v07_n140,3250000,3.25,30,3.811919785310818e-08,0.7623839570621636,2.5419400783047926e-09,2.862864601884721e-09,0.06668398658597499,0.07510296026995981,1.126251805193595,2.8579962017891924e-09,2.8636156273179312e-09,0.0012236095709119432,0.06557458464842841,2.53515625,3.714705198188289
gwas_additive_score_near_v07_n140,3500000,3.5,30,3.811919785310818e-08,0.7623839570621636,2.6394560835375274e-09,2.7735299482563384e-09,0.06924217276839445,0.07275939957981538,1.050796020269115,2.769631093610557e-09,2.767794429137179e-09,0.0011467109162728306,0.0680880127919549,2.53515625,3.714705198188289
gwas_additive_score_near_v07_n140,3750000,3.75,30,3.811919785310818e-08,0.7623839570621636,2.692898831647731e-09,2.6948893092221264e-09,0.07064416313335818,0.07069638032801337,1.0007391579479343,2.690439457111981e-09,2.6862740239793014e-09,-0.0018609192329460678,0.06948170655438969,2.53515625,3.714705198188289
gwas_additive_score_near_v07_n140,4000000,4.0,30,3.811919785310818e-08,0.7623839570621636,2.4778467371783645e-09,2.601090088486686e-09,0.06500259388266023,0.06823569841395803,1.0497380848698754,2.5976315965513227e-09,2.601547233230696e-09,-0.002996387624877306,0.06398023895357671,2.53515625,3.714705198188289
gwas_additive_score_near_v07_n140,4250000,4.25,30,3.811919785310818e-08,0.7623839570621636,2.408076085966305e-09,2.5242296316485328e-09,0.06317226546177059,0.06621937957287606,1.0482349982042274,2.5209908396697544e-09,2.524044435957396e-09,0.0025223982590321103,0.06216166915737141,2.53515625,3.714705198188289
gwas_additive_score_near_v07_n140,4500000,4.5,30,3.811919785310818e-08,0.7623839570621636,2.2569387432445147e-09,2.441984188135878e-09,0.05920740388980897,0.0640617936806024,1.0819895734632774,2.4388149126368284e-09,2.4578090035183824e-09,-0.0034462869991961353,0.058314175065811345,2.53515625,3.714705198188289
gwas_additive_score_near_v07_n140,4750000,4.75,30,3.811919785310818e-08,0.7623839570621636,2.091517311007015e-09,2.3768359950726396e-09,0.05486782064687325,0.062352728518363515,1.1364170798702355,2.374347925791119e-09,2.3715132895212396e-09,0.0024239465713569164,0.05400003705029895,2.53515625,3.714705198188289
gwas_additive_score_near_v07_n140,5000000,5.0,30,3.811919785310818e-08,0.7623839570621636,2.162334885964815e-09,2.3112713711652495e-09,0.05672561354248176,0.060632738917322,1.0688776221329752,2.3090165264607258e-09,2.2994333733454866e-09,-0.0016973277869177794,0.05579799559418062,2.53515625,3.714705198188289
gwas_additive_score_near_v08_n140,250000,0.25,30,4.253414334329844e-08,0.8506828668659688,1.4493513633337797e-08,1.4429371694958006e-08,0.3407501008391968,0.33924209025433344,0.9955744383313476,1.3988081456941324e-08,1.3372419022153005e-08,0.1069271868644992,0.3516727173646177,2.486328125,3.204335419514444
gwas_additive_score_near_v08_n140,500000,0.5,30,4.253414334329844e-08,0.8506828668659688,7.561478849457641e-09,8.185737881149726e-09,0.17777433034040419,0.19245098731815524,1.082557796447035,8.129459381871538e-09,7.966728361932729e-09,-0.03889861324555888,0.1790624403836292,2.486328125,3.204335419514444
gwas_additive_score_near_v08_n140,750000,0.75,30,4.253414334329844e-08,0.8506828668659688,5.204605928770343e-09,6.7757748080952965e-09,0.12236301285683154,0.15930201658011922,1.3018804691128965,6.727600487210604e-09,6.581877933250661e-09,0.006079843515786276,0.12045987374252137,2.486328125,3.204335419514444
gwas_additive_score_near_v08_n140,1000000,1.0,30,4.253414334329844e-08,0.8506828668659688,4.847348170145668e-09,5.864563507239884e-09,0.11396369573079465,0.1378789613771283,1.2098498604575474,5.822385743890001e-09,5.765736224770808e-09,0.02569478876732867,0.11495660913114737,2.486328125,3.204335419514444
gwas_additive_score_near_v08_n140,1250000,1.25,30,4.253414334329844e-08,0.8506828668659688,4.025251750196046e-09,5.152782695962173e-09,0.09463577807851284,0.12114462149556919,1.2801143917796478,5.125609562293321e-09,4.996887266937831e-09,0.018192846239387217,0.09480706266095375,2.486328125,3.204335419514444
gwas_additive_score_near_v08_n140,1500000,1.5,30,4.253414334329844e-08,0.8506828668659688,3.5854253847721437e-09,4.6069731456601275e-09,0.08429522973658415,0.10831235293671405,1.2849167535954464,4.58647681897868e-09,4.496803392315361e-09,0.02421886163072884,0.08634455873506898,2.486328125,3.204335419514444
gwas_additive_score_near_v08_n140,1750000,1.75,30,4.253414334329844e-08,0.8506828668659688,4.328143026318525e-09,4.202031680942515e-09,0.10175691071019195,0.09879196689180705,0.9708624819907399,4.1859799040940324e-09,4.1205775092314286e-09,0.018151725277387287,0.10167991465993494,2.486328125,3.204335419514444
gwas_additive_score_near_v08_n140,2000000,2.0,30,4.253414334329844e-08,0.8506828668659688,4.417869241743101e-09,3.976521971432207e-09,0.10386642105580735,0.09349011544295593,0.9000995171743115,3.961917172483261e-09,4.010352987356368e-09,0.021050410804083652,0.1042676624711526,2.486328125,3.204335419514444
gwas_additive_score_near_v08_n140,2250000,2.25,30,4.253414334329844e-08,0.8506828668659688,4.317891942246029e-09,3.740003455947623e-09,0.1015159023515715,0.08792944119648968,0.8661642083618686,3.727054112017979e-09,3.721637655932919e-09,0.01690302927278653,0.10123080006191466,2.486328125,3.204335419514444
gwas_additive_score_near_v08_n140,2500000,2.5,30,4.253414334329844e-08,0.8506828668659688,3.7224455013317226e-09,3.506983204135911e-09,0.08751664448223148,0.08245101296223617,0.9421180787955851,3.497339721641043e-09,3.5422347327091508e-09,0.0029701166843809634,0.08609691759387883,2.486328125,3.204335419514444
gwas_additive_score_near_v08_n140,2750000,2.75,30,4.253414334329844e-08,0.8506828668659688,3.2912761765567314e-09,3.3235189767640303e-09,0.07737962770267702,0.07813767283237584,1.0097964432267823,3.3145066422243456e-09,3.3222527407773558e-09,-0.0013233413594158083,0.07609054555579343,2.486328125,3.204335419514444
gwas_additive_score_near_v08_n140,3000000,3.0,30,4.253414334329844e-08,0.8506828668659688,2.9311398787025177e-09,3.1938103941060336e-09,0.06891263461085645,0.07508815608036082,1.0896137769855556,3.1878007047954654e-09,3.198646621897074e-09,0.008635686043726443,0.06830247366546528,2.486328125,3.204335419514444
gwas_additive_score_near_v08_n140,3250000,3.25,30,4.253414334329844e-08,0.8506828668659688,3.1000425483749842e-09,3.04799217887486e-09,0.07288362488822567,0.07165989342430457,0.9832097886761558,3.0427067833332974e-09,3.0395607369650013e-09,0.0022164142102929496,0.07169287163243117,2.486328125,3.204335419514444
gwas_additive_score_near_v08_n140,3500000,3.5,30,4.253414334329844e-08,0.8506828668659688,3.026903722072001e-09,2.9446794219801063e-09,0.07116409275347287,0.06923095636870424,0.9728355086115491,2.9394543508844095e-09,2.9171020515711642e-09,0.004417507946091748,0.07010728590737086,2.486328125,3.204335419514444
gwas_additive_score_near_v08_n140,3750000,3.75,30,4.253414334329844e-08,0.8506828668659688,2.999013523880577e-09,2.849848888249287e-09,0.07050837957814644,0.06700144082479331,0.9502620997059466,2.845100172113169e-09,2.8274320461637355e-09,0.008485668527193457,0.0698407028510704,2.486328125,3.204335419514444
gwas_additive_score_near_v08_n140,4000000,4.0,30,4.253414334329844e-08,0.8506828668659688,2.8476382514966114e-09,2.7617653623214225e-09,0.0669494675962547,0.06493055097009631,0.9698441720502745,2.7570915954549665e-09,2.7434289838441216e-09,0.011695529537925964,0.06685513380098083,2.486328125,3.204335419514444
gwas_additive_score_near_v08_n140,4250000,4.25,30,4.253414334329844e-08,0.8506828668659688,2.557338364125085e-09,2.6714447947428502e-09,0.06012436511262221,0.06280706709387049,1.044619215125568,2.6679922061147092e-09,2.650593130149204e-09,0.010358577779532752,0.06001451022714425,2.486328125,3.204335419514444
gwas_additive_score_near_v08_n140,4500000,4.5,30,4.253414334329844e-08,0.8506828668659688,2.4482061134060423e-09,2.5975468448378138e-09,0.05755860870750967,0.06106968756541504,1.0610000647470006,2.5946753765255123e-09,2.5595599369024046e-09,0.010648993504854598,0.057584384901341365,2.486328125,3.204335419514444
gwas_additive_score_near_v08_n140,4750000,4.75,30,4.253414334329844e-08,0.8506828668659688,2.5484705933705905e-09,2.528721858452887e-09,0.059915879175032695,0.05945157606780166,0.9922507503248903,2.5256816628101123e-09,2.503063478819592e-09,0.011774396542671983,0.06007399802480245,2.486328125,3.204335419514444
gwas_additive_score_near_v08_n140,5000000,5.0,30,4.253414334329844e-08,0.8506828668659688,2.322922651833293e-09,2.4660512526239275e-09,0.054613128871191574,0.05797815728225949,1.0616157411344174,2.4636247027788335e-09,2.4704240635916978e-09,0.012794684250996946,0.05519853254704673,2.486328125,3.204335419514444
gwas_additive_score_near_v12_n140,250000,0.25,30,4.890904838029015e-08,0.9781809676058031,1.7750248900039048e-08,1.6128295681554697e-08,0.3629236202271361,0.3297609791167852,0.9086236352166992,1.5337750945459027e-08,1.5327977856153605e-08,0.007539059403248727,0.35690326382858584,2.5087890625,3.630642032150189
gwas_additive_score_near_v12_n140,500000,0.5,30,4.890904838029015e-08,0.9781809676058031,1.0886543033194915e-08,9.32748488758674e-09,0.22258750463814136,0.1907108233850982,0.8567903382318571,9.209401905518625e-09,8.990012396521077e-09,-0.011084730786101393,0.21912681694306715,2.5087890625,3.630642032150189
gwas_additive_score_near_v12_n140,750000,0.75,30,4.890904838029015e-08,0.9781809676058031,6.6416344639253475e-09,7.803063666175292e-09,0.13579561827258652,0.1595423326477938,1.1748709912534865,7.724691934283937e-09,7.382512489889174e-09,0.01705854561271014,0.13459852248713755,2.5087890625,3.630642032150189
gwas_additive_score_near_v12_n140,1000000,1.0,30,4.890904838029015e-08,0.9781809676058031,6.698534335793048e-09,6.581618520446347e-09,0.13695899956402524,0.13456852542440126,0.9825460601549848,6.517415322643193e-09,6.292126758196102e-09,0.025836439908408115,0.13711320239130928,2.5087890625,3.630642032150189
gwas_additive_score_near_v12_n140,1250000,1.25,30,4.890904838029015e-08,0.9781809676058031,6.076877890936492e-09,5.796576106282854e-09,0.1242485407543814,0.11851745838953626,0.953874046889818,5.743427159646283e-09,5.612821525452367e-09,0.01797791116421954,0.12347597002427357,2.5087890625,3.630642032150189
gwas_additive_score_near_v12_n140,1500000,1.5,30,4.890904838029015e-08,0.9781809676058031,5.3010689876252625e-09,5.267145660262016e-09,0.10838626313902151,0.10769266290579929,0.9936006629148882,5.2217245543111126e-09,5.0061301475979564e-09,0.033325405511585915,0.11165383388780167,2.5087890625,3.630642032150189
gwas_additive_score_near_v12_n140,1750000,1.75,30,4.890904838029015e-08,0.9781809676058031,4.585908133904708e-09,4.883281425671809e-09,0.09376400248574009,0.09984413083857346,1.0648450171883186,4.849078756909535e-09,4.810588568149751e-09,0.04050892994623334,0.10069560713091302,2.5087890625,3.630642032150189
gwas_additive_score_near_v12_n140,2000000,2.0,30,4.890904838029015e-08,0.9781809676058031,4.186639872374543e-09,4.509896978908167e-09,0.08560051792096851,0.09220986971248472,1.0772115864721563,4.487209129945131e-09,4.490325426329606e-09,0.02479299086359399,0.08773763602557172,2.5087890625,3.630642032150189
gwas_additive_score_near_v12_n140,2250000,2.25,30,4.890904838029015e-08,0.9781809676058031,4.30896856824011e-09,4.258583859566794e-09,0.08810166443509419,0.08707149291587851,0.9883070141089717,4.24206917151915e-09,4.1888370726293526e-09,0.01666527453590061,0.08820943567659342,2.5087890625,3.630642032150189
gwas_additive_score_near_v12_n140,2500000,2.5,30,4.890904838029015e-08,0.9781809676058031,4.209814878213801e-09,4.007612873630657e-09,0.08607435674234695,0.08194011141802718,0.9519689082696821,3.987014232854485e-09,3.875160879436465e-09,0.0051246719992068535,0.08478264752936164,2.5087890625,3.630642032150189
gwas_additive_score_near_v12_n140,2750000,2.75,30,4.890904838029015e-08,0.9781809676058031,4.277776085214791e-09,3.782905161572873e-09,0.08746389935770435,0.07734571182328187,0.8843158422077462,3.7681110767822405e-09,3.716643863139962e-09,-0.007189371268363054,0.08629381762556251,2.5087890625,3.630642032150189
gwas_additive_score_near_v12_n140,3000000,3.0,30,4.890904838029015e-08,0.9781809676058031,4.083663745739391e-09,3.629124686485614e-09,0.0834950562519034,0.07420149863206323,0.8886933186582732,3.6159132055748656e-09,3.5681956779080577e-09,-0.006417641172845712,0.08234215034101086,2.5087890625,3.630642032150189
gwas_additive_score_near_v12_n140,3250000,3.25,30,4.890904838029015e-08,0.9781809676058031,3.793735331653358e-09,3.4647060213776174e-09,0.07756714672007797,0.07083977579031897,0.9132703571779359,3.4557936349283226e-09,3.478218791487916e-09,-0.003898429969548811,0.07636297923849254,2.5087890625,3.630642032150189
gwas_additive_score_near_v12_n140,3500000,3.5,30,4.890904838029015e-08,0.9781809676058031,3.5148071455345226e-09,3.3356094836550497e-09,0.07186414910806063,0.06820025320711957,0.949016360084752,3.3279292117397723e-09,3.291949334285059e-09,-0.005572231942088002,0.07087564578147522,2.5087890625,3.630642032150189
gwas_additive_score_near_v12_n140,3750000,3.75,30,4.890904838029015e-08,0.9781809676058031,3.3688287565671807e-09,3.227852626311618e-09,0.06887945826246712,0.06599704417091888,0.9581527763972139,3.21956478184096e-09,3.2029872717785925e-09,-0.007075643077425142,0.06809037012044383,2.5087890625,3.630642032150189
gwas_additive_score_near_v12_n140,4000000,4.0,30,4.890904838029015e-08,0.9781809676058031,3.2081597154802308e-09,3.107640860552863e-09,0.06559440066253848,0.06353918065200408,0.9686677522810547,3.099698273546509e-09,3.0387752580676723e-09,-0.01097275300900824,0.06541869656501167,2.5087890625,3.630642032150189
gwas_additive_score_near_v12_n140,4250000,4.25,30,4.890904838029015e-08,0.9781809676058031,3.2019509945938192e-09,3.010636889058414e-09,0.0654674564448114,0.06155582635035831,0.94025077027774,3.0018242466294557e-09,2.953748636293958e-09,-0.01340231260899738,0.06574757466891172,2.5087890625,3.630642032150189
gwas_additive_score_near_v12_n140,4500000,4.5,30,4.890904838029015e-08,0.9781809676058031,3.0343383947971105e-09,2.9449032092025248e-09,0.062040430048929715,0.060211828009912594,0.9705256388845959,2.936436179234977e-09,2.880643672864588e-09,-0.0049527661681012525,0.061198401569677374,2.5087890625,3.630642032150189
gwas_additive_score_near_v12_n140,4750000,4.75,30,4.890904838029015e-08,0.9781809676058031,2.7216445476275194e-09,2.8744855128807435e-09,0.05564705586715759,0.058772059732798476,1.0561575777360261,2.8674998566337948e-09,2.8364290312652914e-09,0.0013354096226350087,0.05472803959568347,2.5087890625,3.630642032150189
gwas_additive_score_near_v12_n140,5000000,5.0,30,4.890904838029015e-08,0.9781809676058031,2.6655833901336387e-09,2.7961914359942987e-09,0.05450082302578272,0.0571712500773402,1.0489979215597198,2.7896932319418477e-09,2.7715299307224063e-09,0.003232561410863477,0.0536821929514785,2.5087890625,3.630642032150189
gwas_additive_score_near_v14_n140,250000,0.25,30,4.333821665994293e-08,0.8667643331988586,1.1773984875883768e-08,1.2300717667768336e-08,0.2716767274544165,0.2838307299141306,1.0447370025897906,1.1922975265709121e-08,1.1630363504173534e-08,-0.15695826379140165,0.3098126304796839,2.4560546875,3.287318155914724
gwas_additive_score_near_v14_n140,500000,0.5,30,4.333821665994293e-08,0.8667643331988586,9.334231865244637e-09,8.788616450302241e-09,0.21538107897901052,0.20279137277989268,0.9415468329028812,8.658008521858984e-09,8.588156178631244e-09,-0.006890719610045504,0.21187305372046478,2.4560546875,3.287318155914724
gwas_additive_score_near_v14_n140,750000,0.75,30,4.333821665994293e-08,0.8667643331988586,7.538158307875359e-09,6.8924664296311295e-09,0.17393789797637893,0.15903899516017156,0.9143435502582038,6.8244945274425465e-09,6.863364607570897e-09,-0.014337751075536365,0.17161434588420596,2.4560546875,3.287318155914724
gwas_additive_score_near_v14_n140,1000000,1.0,30,4.333821665994293e-08,0.8667643331988586,5.709252893468613e-09,5.898622749447309e-09,0.13173714410693824,0.13610672528893755,1.0331689381276725,5.853825384594379e-09,5.8677117046828555e-09,-0.01922813518455757,0.13094238102646308,2.4560546875,3.287318155914724
gwas_additive_score_near_v14_n140,1250000,1.25,30,4.333821665994293e-08,0.8667643331988586,5.494727560160354e-09,5.198888652020442e-09,0.12678711732130582,0.11996083486346408,0.9461594947336608,5.162392646858994e-09,5.1037576819038254e-09,-0.030770682147483908,0.12839772412772676,2.4560546875,3.287318155914724
gwas_additive_score_near_v14_n140,1500000,1.5,30,4.333821665994293e-08,0.8667643331988586,4.583434881696921e-09,4.755683660577467e-09,0.10575965590973066,0.10973417983239483,1.0375807191170947,4.725163188229443e-09,4.6437943909686195e-09,-0.024457444020790198,0.10681963564299976,2.4560546875,3.287318155914724
gwas_additive_score_near_v14_n140,1750000,1.75,30,4.333821665994293e-08,0.8667643331988586,4.784948121633632e-09,4.386627649216136e-09,0.1104094374528408,0.10121846230167221,0.91675552957061,4.362763541812341e-09,4.2725790637037096e-09,-0.009677949017684262,0.10898424249963802,2.4560546875,3.287318155914724
gwas_additive_score_near_v14_n140,2000000,2.0,30,4.333821665994293e-08,0.8667643331988586,4.104637088911218e-09,4.0942993672196815e-09,0.09471172109177009,0.09447318516463094,0.9974814529353973,4.0773369211317694e-09,3.9508844747272216e-09,-0.0006826111024165193,0.09312231597748313,2.4560546875,3.287318155914724
gwas_additive_score_near_v14_n140,2250000,2.25,30,4.333821665994293e-08,0.8667643331988586,3.680680856410401e-09,3.845238178271247e-09,0.08492921813768163,0.08872626689841075,1.0447083918113267,3.827945739399158e-09,3.7398919887555824e-09,-0.001997192181955376,0.08352561563361054,2.4560546875,3.287318155914724
gwas_additive_score_near_v14_n140,2500000,2.5,30,4.333821665994293e-08,0.8667643331988586,3.510098299466449e-09,3.638617740728729e-09,0.08099314115780858,0.08395864022923367,1.036614200030186,3.624952136731405e-09,3.500073675304211e-09,-0.001422806814331934,0.07964452479624275,2.4560546875,3.287318155914724
gwas_additive_score_near_v14_n140,2750000,2.75,30,4.333821665994293e-08,0.8667643331988586,3.1336203717733354e-09,3.476615075099089e-09,0.07230616793398674,0.08022053843098,1.1094563675981117,3.464494620645214e-09,3.436981701119587e-09,0.005348790790211888,0.07129178601708205,2.4560546875,3.287318155914724
gwas_additive_score_near_v14_n140,3000000,3.0,30,4.333821665994293e-08,0.8667643331988586,2.884675523902474e-09,3.3126445140673967e-09,0.06656193415934325,0.0764370287790185,1.148359490216062,3.3014353763973458e-09,3.2745052055436245e-09,0.0027209021827148128,0.06549970497454846,2.4560546875,3.287318155914724
gwas_additive_score_near_v14_n140,3250000,3.25,30,4.333821665994293e-08,0.8667643331988586,3.153588923246836e-09,3.1613784478899462e-09,0.0727669287361717,0.07294666674210377,1.0024700507366986,3.1514301144865768e-09,3.1554143836971007e-09,-0.00277342999001029,0.07159760448284153,2.4560546875,3.287318155914724
gwas_additive_score_near_v14_n140,3500000,3.5,30,4.333821665994293e-08,0.8667643331988586,2.9787821345236755e-09,3.0293710480432242e-09,0.06873338046871996,0.06990068538845165,1.0169830861187297,3.021299145427605e-09,3.0132909780567723e-09,-0.005762346016746411,0.06782334629451671,2.4560546875,3.287318155914724
gwas_additive_score_near_v14_n140,3750000,3.75,30,4.333821665994293e-08,0.8667643331988586,2.7873645982442806e-09,2.9224890528399116e-09,0.06431655045050835,0.06743445573156541,1.0484774954380722,2.9152951945559594e-09,2.9014562615013877e-09,-0.0074327737858904674,0.06367085282353754,2.4560546875,3.287318155914724
gwas_additive_score_near_v14_n140,4000000,4.0,30,4.333821665994293e-08,0.8667643331988586,2.84145230516551e-09,2.8184526070315447e-09,0.0655645876585373,0.06503388519990976,0.9919056539882251,2.8128425573656976e-09,2.8011745311826353e-09,-0.0034556578780348124,0.06455514093426575,2.4560546875,3.287318155914724
gwas_additive_score_near_v14_n140,4250000,4.25,30,4.333821665994293e-08,0.8667643331988586,2.7192318548169826e-09,2.7264331933479734e-09,0.0627444335366559,0.06291059954638115,1.0026482988268302,2.7215668371995483e-09,2.716818501211443e-09,-0.002493979458422002,0.061740222508348104,2.4560546875,3.287318155914724
gwas_additive_score_near_v14_n140,4500000,4.5,30,4.333821665994293e-08,0.8667643331988586,2.4752704535435557e-09,2.6437703430191556e-09,0.05711518941736758,0.06100321025582868,1.0680733247691694,2.639904712658211e-09,2.6212015251547515e-09,-0.004307403847670477,0.056320160049630384,2.4560546875,3.287318155914724
gwas_additive_score_near_v14_n140,4750000,4.75,30,4.333821665994293e-08,0.8667643331988586,2.4949607737559283e-09,2.5768286559682153e-09,0.057569530221625274,0.05945857616125566,1.0328132943304926,2.573219658907576e-09,2.5621504415542833e-09,0.003653661332389868,0.056719705782668425,2.4560546875,3.287318155914724
gwas_additive_score_near_v14_n140,5000000,5.0,30,4.333821665994293e-08,0.8667643331988586,2.546643881562333e-09,2.5085691476404192e-09,0.05876208293351789,0.05788353423317172,0.9850490544839919,2.5056840042681655e-09,2.5149415529714003e-09,0.005458554437720586,0.05803170507758964,2.4560546875,3.287318155914724
gwas_additive_score_near_v15_n140,250000,0.25,30,4.6810713759474026e-08,0.9362142751894805,1.2177430218140584e-08,1.4227911893718217e-08,0.2601419470062234,0.3039456301996384,1.168383775463813,1.3831932904127927e-08,1.3520056035676054e-08,-0.029214651751885312,0.25743258156152854,2.529296875,3.7315299289642727
gwas_additive_score_near_v15_n140,500000,0.5,30,4.6810713759474026e-08,0.9362142751894805,9.290729600761208e-09,8.767589656253502e-09,0.1984744272112462,0.18729878167001948,0.9436922645488635,8.6531109497376e-09,8.735094215769525e-09,-0.023897543038987945,0.196596339941104,2.529296875,3.7315299289642727
gwas_additive_score_near_v15_n140,750000,0.75,30,4.6810713759474026e-08,0.9362142751894805,8.403540279531627e-09,6.951454929061407e-09,0.17952172920736192,0.14850136583645876,0.8272055226525132,6.89194580442588e-09,6.7007428974335024e-09,-0.010098185261472326,0.17679297561815918,2.529296875,3.7315299289642727
gwas_additive_score_near_v15_n140,1000000,1.0,30,4.6810713759474026e-08,0.9362142751894805,5.627261377754815e-09,6.091239367705611e-09,0.1202131077656536,0.13012489830862287,1.082451828483559,6.060532549805391e-09,5.983882837079582e-09,0.007909829055442241,0.1184569554665621,2.529296875,3.7315299289642727
gwas_additive_score_near_v15_n140,1250000,1.25,30,4.6810713759474026e-08,0.9362142751894805,5.255969895042053e-09,5.502110272870085e-09,0.11228134486580642,0.11753955090583322,1.0468306293116738,5.481989655423391e-09,5.444241121184079e-09,0.03421717479966402,0.11557542461952046,2.529296875,3.7315299289642727
gwas_additive_score_near_v15_n140,1500000,1.5,30,4.6810713759474026e-08,0.9362142751894805,5.414953114952976e-09,4.973605382029724e-09,0.11567764471134652,0.10624929599632767,0.9184946344771657,4.955850975583287e-09,4.897180641883811e-09,0.03300356699171414,0.11842511981814606,2.529296875,3.7315299289642727
gwas_additive_score_near_v15_n140,1750000,1.75,30,4.6810713759474026e-08,0.9362142751894805,5.403073346606617e-09,4.599679341979076e-09,0.11542386160503884,0.09826125202049812,0.8513079588060544,4.575821761380918e-09,4.542331344634405e-09,0.022917112496734227,0.11577466452299982,2.529296875,3.7315299289642727
gwas_additive_score_near_v15_n140,2000000,2.0,30,4.6810713759474026e-08,0.9362142751894805,5.5530457414677534e-09,4.2298487823801326e-09,0.11862766652097613,0.09036069828189819,0.7617168990331638,4.208083384814456e-09,4.127197895820856e-09,0.013581877790749708,0.1174219168627719,2.529296875,3.7315299289642727
gwas_additive_score_near_v15_n140,2250000,2.25,30,4.6810713759474026e-08,0.9362142751894805,5.119894049119855e-09,3.962848902624189e-09,0.10937440679557335,0.0846568784015208,0.7740099432927581,3.945402991141592e-09,3.845510613287473e-09,0.011496895382919314,0.10814888242572472,2.529296875,3.7315299289642727
gwas_additive_score_near_v15_n140,2500000,2.5,30,4.6810713759474026e-08,0.9362142751894805,4.505723858361292e-09,3.7193902020548953e-09,0.09625411570336027,0.07945596004295336,0.8254811699462687,3.707022142844072e-09,3.6719954548674305e-09,-0.0003847043256243188,0.09463706617525446,2.529296875,3.7315299289642727
gwas_additive_score_near_v15_n140,2750000,2.75,30,4.6810713759474026e-08,0.9362142751894805,4.573880069356591e-09,3.766726738583975e-09,0.09771011168209079,0.08046719300069691,0.8235298436921721,3.673683580579189e-09,3.5026319414941218e-09,-0.014624799167526792,0.0971746287778842,2.529296875,3.7315299289642727
gwas_additive_score_near_v15_n140,3000000,3.0,30,4.6810713759474026e-08,0.9362142751894805,4.602305811126626e-09,3.621619156006599e-09,0.09831736031145573,0.07736731327395364,0.7869140610454223,3.5298010454813206e-09,3.4000950039544096e-09,-0.01627267876664651,0.09802496264507314,2.529296875,3.7315299289642727
gwas_additive_score_near_v15_n140,3250000,3.25,30,4.6810713759474026e-08,0.9362142751894805,4.281405942467684e-09,3.4889711623819894e-09,0.09146209486287037,0.07453360314711835,0.8149124865209681,3.3985022090350573e-09,3.2232955162517817e-09,-0.011468571099232605,0.09065318027077719,2.529296875,3.7315299289642727
gwas_additive_score_near_v15_n140,3500000,3.5,30,4.6810713759474026e-08,0.9362142751894805,4.020168996924086e-09,3.359564134489678e-09,0.08588138641894652,0.07176912857496721,0.835677340196432,3.274698039099649e-09,3.11736649390129e-09,-0.009832587012602145,0.08500846163466787,2.529296875,3.7315299289642727
gwas_additive_score_near_v15_n140,3750000,3.75,30,4.6810713759474026e-08,0.9362142751894805,3.804294718599482e-09,3.228296120388482e-09,0.08126974389125888,0.068964898441334,0.8485925405844873,3.1483528072622254e-09,3.0108768350415103e-09,-0.011590999114817424,0.08074009840361528,2.529296875,3.7315299289642727
gwas_additive_score_near_v15_n140,4000000,4.0,30,4.6810713759474026e-08,0.9362142751894805,3.5859608948000657e-09,3.1093268992350998e-09,0.07660555900142203,0.06642340288190549,0.8670833259068375,3.039928361872758e-09,2.9457442036667584e-09,-0.013676258284382126,0.07654957862882594,2.529296875,3.7315299289642727
gwas_additive_score_near_v15_n140,4250000,4.25,30,4.6810713759474026e-08,0.9362142751894805,3.5331010741923926e-09,3.013274235277584e-09,0.07547633416457633,0.06437146527524859,0.8528695251002315,2.9511937101650174e-09,2.8447382998471876e-09,-0.008937656843650887,0.0747440264824792,2.529296875,3.7315299289642727
gwas_additive_score_near_v15_n140,4500000,4.5,30,4.6810713759474026e-08,0.9362142751894805,3.3900775589336805e-09,2.9359734560312295e-09,0.07242097559872311,0.0627201172602718,0.8660490519735231,2.8691497646158956e-09,2.750393875471267e-09,-0.006726536341620903,0.0715207480917505,2.529296875,3.7315299289642727
gwas_additive_score_near_v15_n140,4750000,4.75,30,4.6810713759474026e-08,0.9362142751894805,3.1388335988640423e-09,2.8426821851157814e-09,0.06705374361502389,0.06072717027393009,0.9056492150920522,2.78101403136203e-09,2.6777528476875536e-09,-0.011543164895208458,0.06692963248189113,2.529296875,3.7315299289642727
gwas_additive_score_near_v15_n140,5000000,5.0,30,4.6810713759474026e-08,0.9362142751894805,2.8493344926364786e-09,2.7717852198358007e-09,0.060869281064098314,0.059212624573040586,0.9727833734505064,2.7098117521921075e-09,2.5982693819731555e-09,-0.01366312160853167,0.06138605669673186,2.529296875,3.7315299289642727
gwas_additive_score_near_v22_n140,250000,0.25,30,4.780961076658405e-08,0.9561922153316811,1.4426814830309366e-08,1.504292318948374e-08,0.30175553824823886,0.3146422434377527,1.0427057785395561,1.45891919109483e-08,1.4233349720117896e-08,0.019468052075330755,0.29732170526156115,2.486328125,3.6995732408376028
gwas_additive_score_near_v22_n140,500000,0.5,30,4.780961076658405e-08,0.9561922153316811,8.844900141956672e-09,9.370580802771904e-09,0.1850025549285314,0.19599784755665398,1.059433193408438,9.302895329403737e-09,9.29369469346989e-09,0.00805510687982558,0.18207131908291743,2.486328125,3.6995732408376028
gwas_additive_score_near_v22_n140,750000,0.75,30,4.780961076658405e-08,0.9561922153316811,5.425728788791722e-09,7.726666448817703e-09,0.11348615271689201,0.16161324731424426,1.4240790038711806,7.665525785563589e-09,7.52839893044193e-09,0.016702858423872424,0.1128219339315732,2.486328125,3.6995732408376028
gwas_additive_score_near_v22_n140,1000000,1.0,30,4.780961076658405e-08,0.9561922153316811,5.23327702653525e-09,6.543454414158565e-09,0.10946077457281844,0.13686483343495515,1.2503550606971654,6.4966412997310695e-09,6.409014143877871e-09,-0.001969273360896584,0.10763898226006197,2.486328125,3.6995732408376028
gwas_additive_score_near_v22_n140,1250000,1.25,30,4.780961076658405e-08,0.9561922153316811,4.709450099705612e-09,5.657271273043162e-09,0.09850425519458998,0.11832916399723636,1.2012594152758511,5.621097381735231e-09,5.560473712792606e-09,-0.010301696689739681,0.09739495351273048,2.486328125,3.6995732408376028
gwas_additive_score_near_v22_n140,1500000,1.5,30,4.780961076658405e-08,0.9561922153316811,4.235178683801241e-09,5.1182768619303876e-09,0.0885842535819465,0.10705539701878822,1.208514975178457,5.094235108902412e-09,4.986644702035608e-09,-0.0012958505359110806,0.08710497619841438,2.486328125,3.6995732408376028
gwas_additive_score_near_v22_n140,1750000,1.75,30,4.780961076658405e-08,0.9561922153316811,3.498542824972066e-09,4.633001855894677e-09,0.07317655945898915,0.09690524105109129,1.3242661552761381,4.61593479633966e-09,4.598344472766736e-09,-0.013351191686965858,0.07317492429269683,2.486328125,3.6995732408376028
gwas_additive_score_near_v22_n140,2000000,2.0,30,4.780961076658405e-08,0.9561922153316811,3.5045997386235993e-09,4.318031883775616e-09,0.07330324766151614,0.090317235688387,1.2321041504932273,4.3058617014055564e-09,4.2839889298189564e-09,-0.01427220784326022,0.07347074132280551,2.486328125,3.6995732408376028
gwas_additive_score_near_v22_n140,2250000,2.25,30,4.780961076658405e-08,0.9561922153316811,3.7362261773394405e-09,4.045229079598999e-09,0.07814801495834035,0.0846112113179211,1.0827045493481338,4.035916143672085e-09,3.9657628372753916e-09,-0.01039831456645246,0.07753493908998436,2.486328125,3.6995732408376028
gwas_additive_score_near_v22_n140,2500000,2.5,30,4.780961076658405e-08,0.9561922153316811,3.761778322880743e-09,3.850012260141999e-09,0.07868247121371655,0.08052799841727468,1.0234553792616061,3.841552762628025e-09,3.7921522193842024e-09,-0.002140243542526621,0.07738958290908463,2.486328125,3.6995732408376028
gwas_additive_score_near_v22_n140,2750000,2.75,30,4.780961076658405e-08,0.9561922153316811,3.5173170105226062e-09,3.643220659343335e-09,0.07356924589273152,0.07620268395679389,1.0357953657415775,3.636054607649599e-09,3.6019859184001722e-09,-0.004782078315994753,0.07249060456043936,2.486328125,3.6995732408376028
gwas_additive_score_near_v22_n140,3000000,3.0,30,4.780961076658405e-08,0.9561922153316811,3.521452830362884e-09,3.4469511948256907e-09,0.07365575192727068,0.07209745361982524,0.9788434946807122,3.4414449762421275e-09,3.4084817234738856e-09,-0.008326023480598521,0.07289481096693644,2.486328125,3.6995732408376028
gwas_additive_score_near_v22_n140,3250000,3.25,30,4.780961076658405e-08,0.9561922153316811,3.162943993666465e-09,3.3000796161761326e-09,0.06615707475864176,0.06902544411599107,1.043356955666705,3.296155182837949e-09,3.256082817843152e-09,-0.00996481619570011,0.06580398279041008,2.486328125,3.6995732408376028
gwas_additive_score_near_v22_n140,3500000,3.5,30,4.780961076658405e-08,0.9561922153316811,2.971805368805806e-09,3.1756216069306357e-09,0.06215916258583961,0.06642224347808742,1.0685833063848091,3.1719487318454597e-09,3.1286488056787554e-09,-0.013857549935720193,0.06266578918209459,2.486328125,3.6995732408376028
gwas_additive_score_near_v22_n140,3750000,3.75,30,4.780961076658405e-08,0.9561922153316811,2.684463205128448e-09,3.0916975345560586e-09,0.05614902865941593,0.06466686268688393,1.151700469818183,3.0864301571618734e-09,3.0477625107096027e-09,-0.012868633776126237,0.056685312977408656,2.486328125,3.6995732408376028
gwas_additive_score_near_v22_n140,4000000,4.0,30,4.780961076658405e-08,0.9561922153316811,2.721688991814464e-09,3.011452978848569e-09,0.05692765425559071,0.06298844375770128,1.10646476798252,3.0048457783930005e-09,2.9627569155620144e-09,-0.011532416744321483,0.057146558902299464,2.486328125,3.6995732408376028
gwas_additive_score_near_v22_n140,4250000,4.25,30,4.780961076658405e-08,0.9561922153316811,2.5973743854609618e-09,2.9206364145968713e-09,0.05432745307511194,0.061088897561956616,1.1244572330217,2.9161252346205304e-09,2.8953318407236446e-09,-0.008970049435528482,0.05416227044031694,2.486328125,3.6995732408376028
gwas_additive_score_near_v22_n140,4500000,4.5,30,4.780961076658405e-08,0.9561922153316811,2.4175445294340898e-09,2.8228228971150133e-09,0.050566078465625226,0.059043001017025455,1.1676404975157968,2.8183838036473275e-09,2.8062701579017687e-09,-0.010447891312855062,0.050802123786615576,2.486328125,3.6995732408376028
gwas_additive_score_near_v22_n140,4750000,4.75,30,4.780961076658405e-08,0.9561922153316811,2.440807097467843e-09,2.7523917777133302e-09,0.05105264523872291,0.05756984283245998,1.1276564135562919,2.7481624624389134e-09,2.7481039306746162e-09,-0.009625313086388587,0.05110910047815562,2.486328125,3.6995732408376028
gwas_additive_score_near_v22_n140,5000000,5.0,30,4.780961076658405e-08,0.9561922153316811,2.4213478937117505e-09,2.6849689881999904e-09,0.05064563076100428,0.056159607768164824,1.108873695999185,2.6808390280038e-09,2.672299329964699e-09,-0.0056831429993051685,0.05011764857836541,2.486328125,3.6995732408376028
gwas_additive_score_near_v23_n140,250000,0.25,30,4.419930875418358e-08,0.8839861750836716,1.6389507295601705e-08,1.4677553045885567e-08,0.3708091315806018,0.33207652923975417,0.895545715997481,1.405901124817261e-08,1.3288297856962625e-08,0.021504877897466024,0.36521029298404634,2.59375,3.669746779004543
gwas_additive_score_near_v23_n140,500000,0.5,30,4.419930875418358e-08,0.8839861750836716,1.0125293363595444e-08,8.601433805299418e-09,0.22908261800897642,0.19460561822667125,0.849499712889809,8.426498404382332e-09,8.298284603105913e-09,-0.038526854551435674,0.22850354380843313,2.59375,3.669746779004543
gwas_additive_score_near_v23_n140,750000,0.75,30,4.419930875418358e-08,0.8839861750836716,7.804998750341918e-09,6.836631554563917e-09,0.1765864437778827,0.1546773410549506,0.875929871771526,6.758329310421916e-09,6.741517149252536e-09,-0.03222192931868928,0.17658312240302193,2.59375,3.669746779004543
gwas_additive_score_near_v23_n140,1000000,1.0,30,4.419930875418358e-08,0.8839861750836716,6.735791168790973e-09,5.858891836871934e-09,0.15239584868289174,0.13255618700863447,0.869814946760525,5.8083008165429056e-09,5.8193537218113045e-09,-0.037864777127391,0.15454477092251684,2.59375,3.669746779004543
gwas_additive_score_near_v23_n140,1250000,1.25,30,4.419930875418358e-08,0.8839861750836716,5.524135504219205e-09,5.193311259967102e-09,0.12498239587731858,0.11749756741332615,0.940112938214599,5.144804993185039e-09,4.949106037750059e-09,-0.032245309480388396,0.12704201124069014,2.59375,3.669746779004543
gwas_additive_score_near_v23_n140,1500000,1.5,30,4.419930875418358e-08,0.8839861750836716,4.352133058123705e-09,4.707156082653172e-09,0.09846608874198207,0.10649840948491365,1.0815744876795022,4.688127825224817e-09,4.686392965136659e-09,-0.01413730705428018,0.0978378678996673,2.59375,3.669746779004543
gwas_additive_score_near_v23_n140,1750000,1.75,30,4.419930875418358e-08,0.8839861750836716,4.139914178811747e-09,4.323010223054355e-09,0.09366468154142554,0.09780719076619429,1.0442270144583434,4.304165534220274e-09,4.384823825506916e-09,-0.02337483570349519,0.0950106297218728,2.59375,3.669746779004543
gwas_additive_score_near_v23_n140,2000000,2.0,30,4.419930875418358e-08,0.8839861750836716,3.370045688721382e-09,4.060917739355365e-09,0.0762465699964685,0.09187740382865126,1.2050037638795648,4.045773846226387e-09,4.051742652472438e-09,-0.023561530896506033,0.0785805352904851,2.59375,3.669746779004543
gwas_additive_score_near_v23_n140,2250000,2.25,30,4.419930875418358e-08,0.8839861750836716,3.091108176705254e-09,3.878326750211484e-09,0.0699356678607032,0.08774632136853022,1.2546719585677228,3.868471005795688e-09,3.897692988574436e-09,-0.0007242495942257898,0.06876400891425623,2.59375,3.669746779004543
gwas_additive_score_near_v23_n140,2500000,2.5,30,4.419930875418358e-08,0.8839861750836716,3.038669644048233e-09,3.779374818721106e-09,0.06874925716481063,0.08550755487467615,1.2437596913911568,3.733521286308826e-09,3.701895895079261e-09,-0.012342807943197531,0.06871140072757567,2.59375,3.669746779004543
gwas_additive_score_near_v23_n140,2750000,2.75,30,4.419930875418358e-08,0.8839861750836716,2.946216239970705e-09,3.5970351928183186e-09,0.06665751847740917,0.08138215945465097,1.2208999271737382,3.5571298214906656e-09,3.541582287559448e-09,-0.010205091692463863,0.06632692646051729,2.59375,3.669746779004543
gwas_additive_score_near_v23_n140,3000000,3.0,30,4.419930875418358e-08,0.8839861750836716,2.9308641679752146e-09,3.4349720574554186e-09,0.06631018109978475,0.07771551533892007,1.171999744985953,3.3942728024148832e-09,3.3494962665602503e-09,-0.007437446175422968,0.06561850134818957,2.59375,3.669746779004543
gwas_additive_score_near_v23_n140,3250000,3.25,30,4.419930875418358e-08,0.8839861750836716,2.834399481842326e-09,3.2901190588463835e-09,0.06412768800539313,0.07443824692246946,1.1607817034696342,3.254071627411109e-09,3.2008516873358093e-09,-0.005892645838499577,0.06332459999819283,2.59375,3.669746779004543
gwas_additive_score_near_v23_n140,3500000,3.5,30,4.419930875418358e-08,0.8839861750836716,3.3242790424934213e-09,3.174612575018279e-09,0.07521110931805623,0.07182493718791007,0.9549777664383785,3.1410779432643574e-09,3.045960384643359e-09,-0.0032690903010020866,0.07401919267383937,2.59375,3.669746779004543
gwas_additive_score_near_v23_n140,3750000,3.75,30,4.419930875418358e-08,0.8839861750836716,3.0224309046528473e-09,3.07631774946687e-09,0.06838185912504267,0.06960103757676275,1.0178289749258014,3.047268272447312e-09,2.9396353580576658e-09,-0.004801102799571022,0.06740370877710901,2.59375,3.669746779004543
gwas_additive_score_near_v23_n140,4000000,4.0,30,4.419930875418358e-08,0.8839861750836716,3.0720184050088233e-09,3.0028966789117965e-09,0.0695037658189179,0.06793990140462466,0.9774995729243269,2.975559948854377e-09,2.894182628026356e-09,0.004469202207710188,0.06848154093829967,2.59375,3.669746779004543
gwas_additive_score_near_v23_n140,4250000,4.25,30,4.419930875418358e-08,0.8839861750836716,2.8324188022402736e-09,2.908879931308955e-09,0.06408287554886653,0.06581279240104908,1.0269949941753689,2.883327457754341e-09,2.8106197025653277e-09,0.008856942554654523,0.06362525603412202,2.59375,3.669746779004543
gwas_additive_score_near_v23_n140,4500000,4.5,30,4.419930875418358e-08,0.8839861750836716,3.0050107091784593e-09,2.8138112263999926e-09,0.06798773089169696,0.06366188308620682,0.9363731110193818,2.788970137235825e-09,2.7398903930898885e-09,0.004827003124397544,0.06701905544374197,2.59375,3.669746779004543
gwas_additive_score_near_v23_n140,4750000,4.75,30,4.419930875418358e-08,0.8839861750836716,2.8339534731673383e-09,2.735820653735644e-09,0.0641175971535776,0.06189736289657904,0.9653724662875226,2.7127522028937537e-09,2.639833684897036e-09,0.009804016063665655,0.06379772294970094,2.59375,3.669746779004543
gwas_additive_score_near_v23_n140,5000000,5.0,30,4.419930875418358e-08,0.8839861750836716,2.8822401003747453e-09,2.656510256883706e-09,0.06521007186796635,0.06010298196422043,0.9216824984630219,2.6363221426105256e-09,2.5715222070206935e-09,0.009424588635905229,0.06480301866590678,2.59375,3.669746779004543
gwas_additive_score_near_v28_n140,250000,0.25,30,4.780961076658405e-08,0.9561922153316811,1.4236044516842112e-08,1.4296474370738772e-08,0.29776532978578907,0.299029298534493,1.0042448486182498,1.3906811345620087e-08,1.3177339611749699e-08,0.017328123105394777,0.2932728804692212,2.544921875,3.714544676110588
gwas_additive_score_near_v28_n140,500000,0.5,30,4.780961076658405e-08,0.9561922153316811,1.0642769707048493e-08,8.758152379229427e-09,0.2226073280330307,0.18318811299235324,0.8229204070279824,8.651255882646275e-09,8.367715493636956e-09,-0.007884145616540383,0.21900772017512984,2.544921875,3.714544676110588
gwas_additive_score_near_v28_n140,750000,0.75,30,4.780961076658405e-08,0.9561922153316811,8.827948296126966e-09,7.103749658043229e-09,0.18464798509292935,0.14858413494987724,0.8046886342956737,7.049273234337779e-09,7.038341274082897e-09,0.0037082540099777628,0.18158230530547814,2.544921875,3.714544676110588
gwas_additive_score_near_v28_n140,1000000,1.0,30,4.780961076658405e-08,0.9561922153316811,6.9384353546343146e-09,6.086718412456556e-09,0.14512637194452646,0.12731160774709327,0.8772465406615224,6.048796441489615e-09,6.18383970248718e-09,-0.0015832718135572188,0.14269588334037747,2.544921875,3.714544676110588
gwas_additive_score_near_v28_n140,1250000,1.25,30,4.780961076658405e-08,0.9561922153316811,5.520410105643759e-09,5.470718268228639e-09,0.11546653522438176,0.11442716601349809,0.9909985243008815,5.446975936472708e-09,5.455581460870474e-09,0.013106620474086172,0.11427986217360298,2.544921875,3.714544676110588
gwas_additive_score_near_v28_n140,1500000,1.5,30,4.780961076658405e-08,0.9561922153316811,5.272298594080583e-09,4.966207528508763e-09,0.11027696125410819,0.10387466973439226,0.941943526128152,4.94347844631286e-09,4.8815183432202596e-09,0.013778100414547412,0.10929536721666398,2.544921875,3.714544676110588
gwas_additive_score_near_v28_n140,1750000,1.75,30,4.780961076658405e-08,0.9561922153316811,4.3854114296947695e-09,4.603412332615035e-09,0.0917265662568393,0.09628633780537979,1.0497104790314824,4.5847589127247736e-09,4.571160010513007e-09,0.01600999794964264,0.09159489192294264,2.544921875,3.714544676110588
gwas_additive_score_near_v28_n140,2000000,2.0,30,4.780961076658405e-08,0.9561922153316811,3.9658605560786285e-09,4.294612958364472e-09,0.08295111573781142,0.08982739849800535,1.0828956030191108,4.277132674306326e-09,4.330877480052508e-09,0.013150432705635984,0.08261028121500161,2.544921875,3.714544676110588
gwas_additive_score_near_v28_n140,2250000,2.25,30,4.780961076658405e-08,0.9561922153316811,3.824039752640184e-09,4.029299375574719e-09,0.07998474974644533,0.08427802090350732,1.0536761216440862,4.014699880921483e-09,4.049801860005483e-09,0.013865301301688282,0.07985333284082786,2.544921875,3.714544676110588
gwas_additive_score_near_v28_n140,2500000,2.5,30,4.780961076658405e-08,0.9561922153316811,3.5747346694001824e-09,3.797263017151934e-09,0.07477021067694406,0.07942467960450296,1.062250311794215,3.785394012308252e-09,3.825274665917454e-09,0.013601371773839466,0.07476114569290418,2.544921875,3.714544676110588
gwas_additive_score_near_v28_n140,2750000,2.75,30,4.780961076658405e-08,0.9561922153316811,3.5868780659248226e-09,3.582067171306053e-09,0.07502420556060724,0.0749235794617616,0.9986587515576644,3.5709437721111962e-09,3.580936378688544e-09,0.005148747130628628,0.0739426802982017,2.544921875,3.714544676110588
gwas_additive_score_near_v28_n140,3000000,3.0,30,4.780961076658405e-08,0.9561922153316811,3.558386108749714e-09,3.4542096186482286e-09,0.07442825933309637,0.07224927296547887,0.9707236688437699,3.443979802450969e-09,3.5001773460557416e-09,0.009595555300196956,0.07380371451330865,2.544921875,3.714544676110588
gwas_additive_score_near_v28_n140,3250000,3.25,30,4.780961076658405e-08,0.9561922153316811,3.3852886569572734e-09,3.3346185595529382e-09,0.07080770168753141,0.06974787090054349,0.9850322668053134,3.3232742869359544e-09,3.3761473854126734e-09,0.007898799785862609,0.07006423697140529,2.544921875,3.714544676110588
gwas_additive_score_near_v28_n140,3500000,3.5,30,4.780961076658405e-08,0.9561922153316811,2.8171195329865832e-09,3.1904173475570426e-09,0.05892370776119296,0.06673171557771698,1.132510463329437,3.1800869252915024e-09,3.184248247352362e-09,0.003992100612797422,0.05807070482683117,2.544921875,3.714544676110588
gwas_additive_score_near_v28_n140,3750000,3.75,30,4.780961076658405e-08,0.9561922153316811,2.417444094856242e-09,3.0851844025601944e-09,0.050563977746204226,0.06453063208614421,1.2762174766004923,3.0764708229880346e-09,3.074134254994483e-09,0.006583425409895316,0.05014811535969223,2.544921875,3.714544676110588
gwas_additive_score_near_v28_n140,4000000,4.0,30,4.780961076658405e-08,0.9561922153316811,2.3931703213647207e-09,2.986090091636227e-09,0.05005626029980981,0.062457946085671096,1.2477549403727313,2.9779922939844476e-09,2.9244554613366053e-09,0.004785685230150882,0.049447052542603474,2.544921875,3.714544676110588
gwas_additive_score_near_v28_n140,4250000,4.25,30,4.780961076658405e-08,0.9561922153316811,2.0881403597594804e-09,2.9024599583392887e-09,0.043676163145401736,0.060708713411403215,1.3899735929023491,2.896353768279772e-09,2.8637347258162505e-09,0.010013486688813744,0.04409410658127311,2.544921875,3.714544676110588
gwas_additive_score_near_v28_n140,4500000,4.5,30,4.780961076658405e-08,0.9561922153316811,2.2980799357267e-09,2.8181384309788568e-09,0.048067321588255114,0.05894501933382316,1.226301307960249,2.8128953722600406e-09,2.808486990049166e-09,0.00907811563105132,0.04812342473186893,2.544921875,3.714544676110588
gwas_additive_score_near_v28_n140,4750000,4.75,30,4.780961076658405e-08,0.9561922153316811,2.3388679296267483e-09,2.7260280659960805e-09,0.048920455367134505,0.05701841161822227,1.165533133130402,2.7211238392992345e-09,2.7075607831750454e-09,0.008769533090809967,0.048891123586131145,2.544921875,3.714544676110588
gwas_additive_score_near_v28_n140,5000000,5.0,30,4.780961076658405e-08,0.9561922153316811,2.409535693442054e-09,2.6570857354785315e-09,0.05039856327644838,0.05557639338355939,1.1027376530300943,2.6523528832669112e-09,2.64925889949006e-09,0.009806614390869495,0.05051254986103653,2.544921875,3.714544676110588
gwas_additive_score_near_v30_n140,250000,0.25,30,3.811919785310818e-08,0.7623839570621636,1.2318990790151936e-08,1.2628488421465925e-08,0.32317025236530433,0.33128945866409987,1.0251236190192956,1.218262138663064e-08,1.2316368298273538e-08,-0.004568890064414632,0.31777127996377114,2.4951171875,3.704220999418384
gwas_additive_score_near_v30_n140,500000,0.5,30,3.811919785310818e-08,0.7623839570621636,9.361703765271675e-09,8.052314791060291e-09,0.24559026140442083,0.2112404049552611,0.860133474948362,7.922195235686387e-09,7.974355725775085e-09,-0.014975903930472767,0.24192636960861347,2.4951171875,3.704220999418384
gwas_additive_score_near_v30_n140,750000,0.75,30,3.811919785310818e-08,0.7623839570621636,7.462907655351574e-09,6.309709631755078e-09,0.1957781925031526,0.16552577145168323,0.8454760427365667,6.255640326086993e-09,6.44076871739873e-09,0.0019964544150401498,0.19249792155078652,2.4951171875,3.704220999418384
gwas_additive_score_near_v30_n140,1000000,1.0,30,3.811919785310818e-08,0.7623839570621636,5.882476166705587e-09,5.47767270186761e-09,0.15431794208717695,0.1436985301468239,0.9311848525406466,5.444526980379123e-09,5.493161851066555e-09,0.004649131679550056,0.1517953911258871,2.4951171875,3.704220999418384
gwas_additive_score_near_v30_n140,1250000,1.25,30,3.811919785310818e-08,0.7623839570621636,4.705143678683692e-09,4.84075134345565e-09,0.12343238954856556,0.126989853304611,1.0288211527708109,4.808518396751776e-09,4.709426010682193e-09,-0.0031572704933174878,0.12139881103336438,2.4951171875,3.704220999418384
gwas_additive_score_near_v30_n140,1500000,1.5,30,3.811919785310818e-08,0.7623839570621636,3.749732681261873e-09,4.404064418624366e-09,0.09836861456821358,0.11553402659718523,1.1745009025929536,4.385696767992274e-09,4.424735136735087e-09,0.019148068091106696,0.09859252861798957,2.4951171875,3.704220999418384
gwas_additive_score_near_v30_n140,1750000,1.75,30,3.811919785310818e-08,0.7623839570621636,3.952615507095585e-09,4.013003192907622e-09,0.10369094130277705,0.10527512169515416,1.0152779054030507,3.999489081706552e-09,4.034948856520675e-09,0.005896778440143136,0.10211850759755985,2.4951171875,3.704220999418384
gwas_additive_score_near_v30_n140,2000000,2.0,30,3.811919785310818e-08,0.7623839570621636,3.633384810860128e-09,3.765525099707508e-09,0.09531640263946078,0.09878290498708574,1.0363683715670342,3.750613116794837e-09,3.713257278750271e-09,0.009242675700643632,0.09416901354743756,2.4951171875,3.704220999418384
gwas_additive_score_near_v30_n140,2250000,2.25,30,3.811919785310818e-08,0.7623839570621636,3.128994524353651e-09,3.5099191001232995e-09,0.08208447975246462,0.09207746484196037,1.1217402500403337,3.500693148171487e-09,3.474414562172302e-09,-0.0016992753655628023,0.08072269791778744,2.4951171875,3.704220999418384
gwas_additive_score_near_v30_n140,2500000,2.5,30,3.811919785310818e-08,0.7623839570621636,3.1061485621386116e-09,3.3305419576272713e-09,0.08148515018883959,0.08737177446549296,1.0722416816194273,3.318527689034243e-09,3.2960325698552172e-09,-0.0020373980586595453,0.08014145640950912,2.4951171875,3.704220999418384
gwas_additive_score_near_v30_n140,2750000,2.75,30,3.811919785310818e-08,0.7623839570621636,3.157863784461749e-09,3.1725970346899554e-09,0.08284182150502052,0.08322832623381834,1.0046655749689715,3.1620296604528345e-09,3.1280235625045398e-09,-0.0020824068300081544,0.08147603878114323,2.4951171875,3.704220999418384
gwas_additive_score_near_v30_n140,3000000,3.0,30,3.811919785310818e-08,0.7623839570621636,3.3370887453132394e-09,3.0379835995283348e-09,0.08754351962422365,0.07969694460085872,0.9103694361724777,3.0286871884770814e-09,3.0149127555611737e-09,-0.0030153360018034814,0.08612489662380272,2.4951171875,3.704220999418384
gwas_additive_score_near_v30_n140,3250000,3.25,30,3.811919785310818e-08,0.7623839570621636,3.3879414735937734e-09,2.916299075973642e-09,0.0888775647024148,0.07650473357838121,0.8607879146389638,2.906528890905681e-09,2.8429790346655977e-09,-0.0013274966750563832,0.0873938005311198,2.4951171875,3.704220999418384
gwas_additive_score_near_v30_n140,3500000,3.5,30,3.811919785310818e-08,0.7623839570621636,2.9034732310483123e-09,2.7970377661706024e-09,0.07616826676775329,0.07337609193532744,0.9633420195717524,2.7884027050325867e-09,2.744803582387161e-09,-0.00426342674083835,0.07500929836514496,2.4951171875,3.704220999418384
gwas_additive_score_near_v30_n140,3750000,3.75,30,3.811919785310818e-08,0.7623839570621636,2.5929084448093137e-09,2.715666824389175e-09,0.06802106525958526,0.07124144728475035,1.0473438928495946,2.7081170436532386e-09,2.6493543237655863e-09,0.0017235208283534753,0.0668999775719412,2.4951171875,3.704220999418384
gwas_additive_score_near_v30_n140,4000000,4.0,30,3.811919785310818e-08,0.7623839570621636,2.5211343810829995e-09,2.6146444440286247e-09,0.06613818031528779,0.06859127660828862,1.0370904715144365,2.6097200364381732e-09,2.581934982597528e-09,0.003342153074706644,0.06511236635805091,2.4951171875,3.704220999418384
gwas_additive_score_near_v30_n140,4250000,4.25,30,3.811919785310818e-08,0.7623839570621636,2.619868038790904e-09,2.5370636766366594e-09,0.06872830978465315,0.06655606149985634,0.9683936897094788,2.5318544740911745e-09,2.4843341371368228e-09,0.00260913946968655,0.06762348326653264,2.4951171875,3.704220999418384
gwas_additive_score_near_v30_n140,4500000,4.5,30,3.811919785310818e-08,0.7623839570621636,2.3847994402386216e-09,2.4534853471098753e-09,0.06256163756195539,0.06436350934152257,1.028801544361475,2.4490565562681625e-09,2.4200087163692407e-09,0.00149477475188875,0.06152826637281902,2.4951171875,3.704220999418384
gwas_additive_score_near_v30_n140,4750000,4.75,30,3.811919785310818e-08,0.7623839570621636,2.415552621001131e-09,2.393563962545574e-09,0.06336840114814145,0.06279156166321077,0.9908970484582349,2.3894671196910873e-09,2.3573890913739327e-09,0.003499037696896412,0.06240148812387152,2.4951171875,3.704220999418384
gwas_additive_score_near_v30_n140,5000000,5.0,30,3.811919785310818e-08,0.7623839570621636,2.326743973233831e-09,2.3378713246128103e-09,0.06103863943307276,0.061330548812222295,1.0047823703454204,2.3343392063422045e-09,2.311384757329506e-09,0.006661243202292777,0.0603812648761689,2.4951171875,3.704220999418384
gwas_additive_score_near_v34_n140,250000,0.25,30,3.7839373265397474e-08,0.7567874653079495,1.2394240308393501e-08,1.3139384422584106e-08,0.327548773640168,0.3472410689898906,1.0601201925773527,1.2772665559306958e-08,1.2924772165254416e-08,0.05450929448742481,0.32662392593764816,2.5205078125,3.5369133679893445
gwas_additive_score_near_v34_n140,500000,0.5,30,3.7839373265397474e-08,0.7567874653079495,5.792857357975645e-09,7.523825609848891e-09,0.15309073216793923,0.19883589395306173,1.298810784541421,7.436524762879346e-09,7.54451888693284e-09,-0.03237686622688196,0.15396041049524797,2.5205078125,3.5369133679893445
gwas_additive_score_near_v34_n140,750000,0.75,30,3.7839373265397474e-08,0.7567874653079495,6.349748143178201e-09,6.29504062619921e-09,0.16780796284976474,0.16636217999825492,0.991384301275356,6.219329787037712e-09,6.079973415652025e-09,0.0075006961983474785,0.16515787122040232,2.5205078125,3.5369133679893445
gwas_additive_score_near_v34_n140,1000000,1.0,30,3.7839373265397474e-08,0.7567874653079495,5.6262816059403445e-09,5.407261771308887e-09,0.14868855164378064,0.14290040517805305,0.9610720099043369,5.3737753671345205e-09,5.318696847842878e-09,0.017762718495031082,0.1472645806428963,2.5205078125,3.5369133679893445
gwas_additive_score_near_v34_n140,1250000,1.25,30,3.7839373265397474e-08,0.7567874653079495,4.948299479097245e-09,4.858357421730662e-09,0.130771179649063,0.12839423601588631,0.9818236431027427,4.8331672169702006e-09,4.8585137100272666e-09,0.03155811302316036,0.13238949811130474,2.5205078125,3.5369133679893445
gwas_additive_score_near_v34_n140,1500000,1.5,30,3.7839373265397474e-08,0.7567874653079495,5.3196670727375055e-09,4.707413905686466e-09,0.14058549636714301,0.12440517639310902,0.8849076157061135,4.608552698434298e-09,4.545689191902693e-09,0.03156416075495461,0.14178070616272417,2.5205078125,3.5369133679893445
gwas_additive_score_near_v34_n140,1750000,1.75,30,3.7839373265397474e-08,0.7567874653079495,4.5947811931773114e-09,4.3697195181289506e-09,0.1214285754933221,0.11548075829588003,0.95101797766071,4.2641350881439154e-09,4.1604350994999795e-09,0.03187894826363702,0.12357050480267735,2.5205078125,3.5369133679893445
gwas_additive_score_near_v34_n140,2000000,2.0,30,3.7839373265397474e-08,0.7567874653079495,4.67275574746892e-09,4.046938329644269e-09,0.12348924795067787,0.1069504587525773,0.8660710185496779,3.95898265409093e-09,3.869859425103635e-09,0.026297407876145096,0.1242289346667979,2.5205078125,3.5369133679893445
gwas_additive_score_near_v34_n140,2250000,2.25,30,3.7839373265397474e-08,0.7567874653079495,4.450101716833215e-09,3.83664148063215e-09,0.11760505877359885,0.10139283898078191,0.8621469181523301,3.763163360113529e-09,3.6628462982266833e-09,0.01963252701295981,0.11728322260416528,2.5205078125,3.5369133679893445
gwas_additive_score_near_v34_n140,2500000,2.5,30,3.7839373265397474e-08,0.7567874653079495,4.078299740322958e-09,3.622450069958422e-09,0.10777926240264642,0.09573229568447957,0.8882255598190932,3.547353600248855e-09,3.431760487977118e-09,0.014739699381704385,0.10698792375054719,2.5205078125,3.5369133679893445
gwas_additive_score_near_v34_n140,2750000,2.75,30,3.7839373265397474e-08,0.7567874653079495,3.8543413512689875e-09,3.403666722977024e-09,0.10186060229474313,0.08995039899589286,0.8830735040777887,3.341130855911294e-09,3.2310070517632367e-09,0.00396717109404543,0.10022708218345476,2.5205078125,3.5369133679893445
gwas_additive_score_near_v34_n140,3000000,3.0,30,3.7839373265397474e-08,0.7567874653079495,3.597301564021484e-09,3.246095321941053e-09,0.0950676835684027,0.08578618094897125,0.9023695300963838,3.18240348752156e-09,3.0580005713921907e-09,-0.0007185161569006615,0.09347255520148293,2.5205078125,3.5369133679893445
gwas_additive_score_near_v34_n140,3250000,3.25,30,3.7839373265397474e-08,0.7567874653079495,3.515977778521042e-09,3.1319956235754976e-09,0.0929184993065479,0.08277081128189766,0.8907893680980365,3.062107156573669e-09,2.936306549786797e-09,-0.0022202415017711363,0.09138370789475785,2.5205078125,3.5369133679893445
gwas_additive_score_near_v34_n140,3500000,3.5,30,3.7839373265397474e-08,0.7567874653079495,3.5769089035586644e-09,3.0030272768505305e-09,0.09452875655394637,0.07936250042483324,0.8395593395914613,2.9425137715020025e-09,2.840646614631601e-09,-0.002264586432646598,0.09296751031135381,2.5205078125,3.5369133679893445
gwas_additive_score_near_v34_n140,3750000,3.75,30,3.7839373265397474e-08,0.7567874653079495,3.187821722629313e-09,2.8997898588510484e-09,0.08424615546009698,0.07663419366152095,0.9096461819889049,2.8427848348440373e-09,2.734408961750765e-09,0.001469153343592211,0.08284318095671438,2.5205078125,3.5369133679893445
gwas_additive_score_near_v34_n140,4000000,4.0,30,3.7839373265397474e-08,0.7567874653079495,2.8660505189329774e-09,2.808395416313079e-09,0.07574254728880145,0.0742188671206465,0.9798834311401589,2.755200313274782e-09,2.6459514600349883e-09,-0.0003703501852948543,0.07447039353592941,2.5205078125,3.5369133679893445
gwas_additive_score_near_v34_n140,4250000,4.25,30,3.7839373265397474e-08,0.7567874653079495,2.675691748114491e-09,2.7268419930090515e-09,0.0707118410589876,0.0720636141059618,1.0191166433617045,2.6760435583854596e-09,2.5793166637448896e-09,-0.0005752676296243431,0.06952570208154801,2.5205078125,3.5369133679893445
gwas_additive_score_near_v34_n140,4500000,4.5,30,3.7839373265397474e-08,0.7567874653079495,2.561753610340643e-09,2.636704599817282e-09,0.0677007410342935,0.06968150823545585,1.02925768862942,2.58627029455689e-09,2.467999912507987e-09,-0.0028706938640046253,0.06662470669328976,2.5205078125,3.5369133679893445
gwas_additive_score_near_v34_n140,4750000,4.75,30,3.7839373265397474e-08,0.7567874653079495,2.3406003846091174e-09,2.5415426874919976e-09,0.0618562143773533,0.06716661689045818,1.0858507518857978,2.4994933281253244e-09,2.3989596649013105e-09,-0.007264701470088175,0.06124889742662056,2.5205078125,3.5369133679893445
gwas_additive_score_near_v34_n140,5000000,5.0,30,3.7839373265397474e-08,0.7567874653079495,2.3217635350097584e-09,2.4676782977462713e-09,0.06135840355297095,0.06521456580262285,1.0628465218512873,2.4303571332008628e-09,2.3167592739731727e-09,-0.012738636931260428,0.061657371291274396,2.5205078125,3.5369133679893445
gwas_additive_score_near_v35_n140,250000,0.25,30,4.4978783209980357e-08,0.8995756641996072,1.8315936491047717e-08,1.5618702450284174e-08,0.4072128053251469,0.3472459976822702,0.8527384039531983,1.5031102829845782e-08,1.491346897568381e-08,0.09928938785112429,0.4124963544080533,2.490234375,3.9013096408858834
gwas_additive_score_near_v35_n140,500000,0.5,30,4.4978783209980357e-08,0.8995756641996072,9.579407592394174e-09,9.445142572639501e-09,0.2129761391648451,0.20999106464364548,0.9859839955175019,9.304307449672443e-09,8.795272661711007e-09,0.06227608023678921,0.21846094577316022,2.490234375,3.9013096408858834
gwas_additive_score_near_v35_n140,750000,0.75,30,4.4978783209980357e-08,0.8995756641996072,6.396273682034659e-09,7.277683090909206e-09,0.142206463260113,0.1618025782719342,1.1378004526839087,7.216750297032189e-09,6.888787264237691e-09,0.014279676471116387,0.14054358071420864,2.490234375,3.9013096408858834
gwas_additive_score_near_v35_n140,1000000,1.0,30,4.4978783209980357e-08,0.8995756641996072,5.362202010801591e-09,6.259152098520044e-09,0.11921625326697967,0.13915787960069134,1.1672727148122435,6.2285218045412824e-09,6.289630643609425e-09,0.03446510798669733,0.12217449901725588,2.490234375,3.9013096408858834
gwas_additive_score_near_v35_n140,1250000,1.25,30,4.4978783209980357e-08,0.8995756641996072,4.625010860371465e-09,5.517350277132683e-09,0.10282650019187758,0.12266561884022768,1.1929377992183887,5.4960622125505095e-09,5.4196423318784556e-09,0.035316776252265925,0.10708931251610726,2.490234375,3.9013096408858834
gwas_additive_score_near_v35_n140,1500000,1.5,30,4.4978783209980357e-08,0.8995756641996072,4.7391263620051915e-09,5.038118870431731e-09,0.10536359642902979,0.11201100854399772,1.0630902165478515,5.020738974736617e-09,5.006408225054901e-09,0.043024389232904525,0.11217190352122626,2.490234375,3.9013096408858834
gwas_additive_score_near_v35_n140,1750000,1.75,30,4.4978783209980357e-08,0.8995756641996072,4.423630558732114e-09,4.625920509320563e-09,0.09834927143494965,0.10284672414824499,1.0457293953241946,4.6098512479991636e-09,4.5509741913023106e-09,0.036500236644234185,0.10335582789798389,2.490234375,3.9013096408858834
gwas_additive_score_near_v35_n140,2000000,2.0,30,4.4978783209980357e-08,0.8995756641996072,3.956475788985961e-09,4.243354282520555e-09,0.08796315744059652,0.0943412422410528,1.0725085932114653,4.229407784091116e-09,4.158073126700687e-09,0.017984159322329107,0.08833475996393557,2.490234375,3.9013096408858834
gwas_additive_score_near_v35_n140,2250000,2.25,30,4.4978783209980357e-08,0.8995756641996072,3.7769870537281656e-09,3.979367273198492e-09,0.08397263741207851,0.08847209704675846,1.053582449871138,3.967362651498795e-09,3.962259331823456e-09,0.012721511496196491,0.08353558459856243,2.490234375,3.9013096408858834
gwas_additive_score_near_v35_n140,2500000,2.5,30,4.4978783209980357e-08,0.8995756641996072,3.50841861359533e-09,3.750880224336583e-09,0.07800163461996112,0.08339221198639049,1.0691085179521338,3.740578366308946e-09,3.731786846660654e-09,0.010436327333775752,0.07739743814552759,2.490234375,3.9013096408858834
gwas_additive_score_near_v35_n140,2750000,2.75,30,4.4978783209980357e-08,0.8995756641996072,3.3543970109626844e-09,3.586768210220259e-09,0.07457731782789483,0.07974355805659922,1.069273612663662,3.57856722780905e-09,3.5936210787193748e-09,0.018003648945000172,0.07550175604088649,2.490234375,3.9013096408858834
gwas_additive_score_near_v35_n140,3000000,3.0,30,4.4978783209980357e-08,0.8995756641996072,2.7218525453531206e-09,3.4576013944448417e-09,0.06051414358290528,0.07687183039841845,1.270311795673071,3.4483781008152277e-09,3.3968963893344695e-09,0.016195089332806445,0.06166179616492133,2.490234375,3.9013096408858834
gwas_additive_score_near_v35_n140,3250000,3.25,30,4.4978783209980357e-08,0.8995756641996072,2.8368905190768283e-09,3.3425621502470147e-09,0.06307174886952811,0.07431419686571984,1.1782485533966747,3.3342027478927458e-09,3.2813186731655293e-09,0.01644457680668099,0.06415503171975645,2.490234375,3.9013096408858834
gwas_additive_score_near_v35_n140,3500000,3.5,30,4.4978783209980357e-08,0.8995756641996072,2.976683679673759e-09,3.2037132301591434e-09,0.06617972891301474,0.07122720984253461,1.0762692898931963,3.1940284759777865e-09,3.154819307359787e-09,0.011933746902806908,0.06615269420192729,2.490234375,3.9013096408858834
gwas_additive_score_near_v35_n140,3750000,3.75,30,4.4978783209980357e-08,0.8995756641996072,3.1525269979078637e-09,3.082449730732692e-09,0.0700892014617316,0.06853119428203487,0.9777710810338253,3.0729443925855216e-09,3.0348105830268514e-09,0.016105943068376538,0.07076826754706911,2.490234375,3.9013096408858834
gwas_additive_score_near_v35_n140,4000000,4.0,30,4.4978783209980357e-08,0.8995756641996072,3.260102675181512e-09,2.9774505877946143e-09,0.07248089971580482,0.06619677935471467,0.913299636376894,2.9677830722703412e-09,2.9396723958604627e-09,0.013720532608243907,0.07257146692201205,2.490234375,3.9013096408858834
gwas_additive_score_near_v35_n140,4250000,4.25,30,4.4978783209980357e-08,0.8995756641996072,3.1302421176161776e-09,2.9718777060119946e-09,0.06959374830134593,0.06607287912031741,0.949408254807847,2.9377321976017063e-09,2.829270075216436e-09,0.008550490647389442,0.06895620131301572,2.490234375,3.9013096408858834
gwas_additive_score_near_v35_n140,4500000,4.5,30,4.4978783209980357e-08,0.8995756641996072,3.1101655777206037e-09,2.8910088707961275e-09,0.06914739252062488,0.06427494619629107,0.9295353570580338,2.856688709677551e-09,2.7360334873496746e-09,0.011019158170888499,0.06887238205151408,2.490234375,3.9013096408858834
gwas_additive_score_near_v35_n140,4750000,4.75,30,4.4978783209980357e-08,0.8995756641996072,2.9981139611337825e-09,2.7973562915481717e-09,0.06665618203003167,0.062192796067623846,0.9330386795871858,2.7644297604338814e-09,2.698486801071491e-09,0.004376480842751551,0.0656817983459674,2.490234375,3.9013096408858834
gwas_additive_score_near_v35_n140,5000000,5.0,30,4.4978783209980357e-08,0.8995756641996072,2.8676413187974456e-09,2.7198800654361096e-09,0.06375542231567402,0.06047029001959738,0.9484728956886072,2.6888776085265327e-09,2.6034957853935764e-09,0.004059387084481614,0.06281513115746824,2.490234375,3.9013096408858834
gwas_additive_score_near_v45_n140,250000,0.25,30,4.47556073343495e-08,0.89511214668699,1.7393185971819467e-08,1.4106297284475585e-08,0.388625850653363,0.3151850265173172,0.8110243463923563,1.3521061611186063e-08,1.2209222663018838e-08,-0.01273706710146405,0.38230609413731415,2.49755859375,3.5058028301709783
gwas_additive_score_near_v45_n140,500000,0.5,30,4.47556073343495e-08,0.89511214668699,1.0374789660753289e-08,9.305251371953388e-09,0.23180982850367304,0.20791252596435433,0.8969098821496257,9.167597740989612e-09,9.270567995968258e-09,0.07233150982149783,0.23911597747591648,2.49755859375,3.5058028301709783
gwas_additive_score_near_v45_n140,750000,0.75,30,4.47556073343495e-08,0.89511214668699,5.69781059669293e-09,6.937572547417012e-09,0.1273094241382334,0.15501013081086024,1.2175856725465133,6.899667509459972e-09,6.955051971113923e-09,0.001017053147061464,0.1251737494672862,2.49755859375,3.5058028301709783
gwas_additive_score_near_v45_n140,1000000,1.0,30,4.47556073343495e-08,0.89511214668699,5.486588134155499e-09,5.959767064340385e-09,0.12258996047506646,0.13316246654452885,1.086242837737212,5.926180881745949e-09,5.870620891819553e-09,0.008579526745937649,0.12083444628148603,2.49755859375,3.5058028301709783
gwas_additive_score_near_v45_n140,1250000,1.25,30,4.47556073343495e-08,0.89511214668699,4.428130777715822e-09,5.241856063750742e-09,0.09894024551237122,0.11712177257681114,1.1837627041481975,5.222493414183336e-09,5.209196985184858e-09,0.006144068372386791,0.09747110350668678,2.49755859375,3.5058028301709783
gwas_additive_score_near_v45_n140,1500000,1.5,30,4.47556073343495e-08,0.89511214668699,3.8309608231357335e-09,4.7405533040149585e-09,0.08559733743564928,0.10592087978161854,1.2374319453715275,4.7258799192149236e-09,4.789666214636416e-09,0.0035695610568649006,0.0842342911349569,2.49755859375,3.5058028301709783
gwas_additive_score_near_v45_n140,1750000,1.75,30,4.47556073343495e-08,0.89511214668699,3.2388668266008404e-09,4.344141645314215e-09,0.07236784437768184,0.09706362853845417,1.3412535549889681,4.333865001744886e-09,4.4038625803950404e-09,-0.0031877473761253716,0.07122286479689853,2.49755859375,3.5058028301709783
gwas_additive_score_near_v45_n140,2000000,2.0,30,4.47556073343495e-08,0.89511214668699,3.1898225150987647e-09,4.038635024707672e-09,0.0712720194202483,0.09023752028515226,1.266100231467777,4.030806065954663e-09,4.048611605098853e-09,-0.01207117632389143,0.0711061930613271,2.49755859375,3.5058028301709783
gwas_additive_score_near_v45_n140,2250000,2.25,30,4.47556073343495e-08,0.89511214668699,3.0044176419967463e-09,3.790406102868417e-09,0.06712941284769215,0.08469120024563528,1.2616109191627898,3.784249619240729e-09,3.794304291648891e-09,-0.016511778409668998,0.06803517443119679,2.49755859375,3.5058028301709783
gwas_additive_score_near_v45_n140,2500000,2.5,30,4.47556073343495e-08,0.89511214668699,3.1081428566900995e-09,3.6072485706501416e-09,0.06944700433781467,0.08059880728915085,1.160580043123097,3.600423820145957e-09,3.6244986681253198e-09,-0.008994266878818102,0.06886958957189043,2.49755859375,3.5058028301709783
gwas_additive_score_near_v45_n140,2750000,2.75,30,4.47556073343495e-08,0.89511214668699,3.3298114544370524e-09,3.425036980313391e-09,0.07439987194367607,0.0765275500503533,1.0285978732367709,3.418243250002338e-09,3.444427270378156e-09,-0.012619983129215417,0.07423000440910604,2.49755859375,3.5058028301709783
gwas_additive_score_near_v45_n140,3000000,3.0,30,4.47556073343495e-08,0.89511214668699,3.3963100624600845e-09,3.2848031676643293e-09,0.07588568817953341,0.07339422618321335,0.967168222940462,3.277473954781997e-09,3.268719265402007e-09,-0.009069784440508655,0.07515945763017867,2.49755859375,3.5058028301709783
gwas_additive_score_near_v45_n140,3250000,3.25,30,4.47556073343495e-08,0.89511214668699,3.138523749804742e-09,3.1598092655666576e-09,0.0701258219189879,0.07060141630882381,1.0067820151952778,3.15450815057502e-09,3.1449183351483532e-09,-0.005564162183269272,0.06917130742310383,2.49755859375,3.5058028301709783
gwas_additive_score_near_v45_n140,3500000,3.5,30,4.47556073343495e-08,0.89511214668699,2.88529549760013e-09,3.0591421552975443e-09,0.06446779899656715,0.0683521537858717,1.060252635420536,3.053952667114456e-09,3.040277407163955e-09,0.0007145775789851871,0.06338825725897065,2.49755859375,3.5058028301709783
gwas_additive_score_near_v45_n140,3750000,3.75,30,4.47556073343495e-08,0.89511214668699,2.9680036907901727e-09,2.954914026421887e-09,0.06631579521684333,0.06602332539802268,0.9955897412092501,2.9500116701981735e-09,2.9519120498805037e-09,-0.0007175534739446432,0.06520511295178874,2.49755859375,3.5058028301709783
gwas_additive_score_near_v45_n140,4000000,4.0,30,4.47556073343495e-08,0.89511214668699,2.683145245631496e-09,2.864014870503132e-09,0.0599510408961026,0.06399231383695309,1.0674095542036401,2.8604544170532996e-09,2.8694411610159984e-09,0.0023917883590203193,0.05899189531279958,2.49755859375,3.5058028301709783
gwas_additive_score_near_v45_n140,4250000,4.25,30,4.47556073343495e-08,0.89511214668699,2.4451443831992916e-09,2.7783746953164455e-09,0.054633252207543316,0.06207880667466822,1.1362824683919672,2.7751857697728465e-09,2.7735011678412174e-09,-0.0008176047082801841,0.05372120297740552,2.49755859375,3.5058028301709783
gwas_additive_score_near_v45_n140,4500000,4.5,30,4.47556073343495e-08,0.89511214668699,2.3297873680919422e-09,2.7107419958367296e-09,0.05205576478243549,0.06056765078811167,1.1635147623178947,2.7078366993112905e-09,2.7100331183347314e-09,0.006991949008435583,0.05165620236833139,2.49755859375,3.5058028301709783
gwas_additive_score_near_v45_n140,4750000,4.75,30,4.47556073343495e-08,0.89511214668699,2.3408436718914754e-09,2.6303754514444434e-09,0.052302802069114154,0.05877197535928991,1.1236869351976064,2.627846877536311e-09,2.6427523298468773e-09,0.003982039840547236,0.051577646728952334,2.49755859375,3.5058028301709783
gwas_additive_score_near_v45_n140,5000000,5.0,30,4.47556073343495e-08,0.89511214668699,2.2993268917904144e-09,2.564915126343427e-09,0.051375169028835925,0.05730935806952795,1.1155069492299146,2.5628125547652156e-09,2.550832168760391e-09,0.006505087117555153,0.05092881193120186,2.49755859375,3.5058028301709783
gwas_additive_score_near_v48_n140,250000,0.25,30,4.615302870603745e-08,0.923060574120749,1.3980743759376914e-08,1.3409777216529872e-08,0.3029214799406662,0.29055031906878276,0.9591605029979829,1.2956220513951014e-08,1.246275772939394e-08,-0.1082591982950849,0.31689550789593585,2.47216796875,3.110208343561473
gwas_additive_score_near_v48_n140,500000,0.5,30,4.615302870603745e-08,0.923060574120749,8.47398660168319e-09,9.296324341459436e-09,0.18360629495534442,0.20142392822517732,1.0970426056152727,9.183310635996937e-09,9.047489955280673e-09,0.021919742599334935,0.18184619218250272,2.47216796875,3.110208343561473
gwas_additive_score_near_v48_n140,750000,0.75,30,4.615302870603745e-08,0.923060574120749,6.681884130630594e-09,7.668360291594275e-09,0.14477672035760705,0.1661507490751338,1.1476344308997444,7.531545304656823e-09,7.563689040230526e-09,0.022582128732455686,0.14412347022724575,2.47216796875,3.110208343561473
gwas_additive_score_near_v48_n140,1000000,1.0,30,4.615302870603745e-08,0.923060574120749,5.710569346593228e-09,6.377741991264559e-09,0.12373119395837628,0.13818685728917857,1.1168311956616634,6.310981472565651e-09,6.252101628163118e-09,0.009248889570130148,0.12200260941758698,2.47216796875,3.110208343561473
gwas_additive_score_near_v48_n140,1250000,1.25,30,4.615302870603745e-08,0.923060574120749,3.9612868841311665e-09,5.543773721018873e-09,0.08582940264574611,0.12011722472925535,1.3994880661703943,5.499964062228601e-09,5.390679136601548e-09,-0.0027855921960520114,0.08443275235628325,2.47216796875,3.110208343561473
gwas_additive_score_near_v48_n140,1500000,1.5,30,4.615302870603745e-08,0.923060574120749,4.1337349060347415e-09,4.985138905826324e-09,0.08956584263112492,0.10801325602222502,1.205964828211078,4.958462827053944e-09,4.888790976860017e-09,-0.008495210315507262,0.08846924564872259,2.47216796875,3.110208343561473
gwas_additive_score_near_v48_n140,1750000,1.75,30,4.615302870603745e-08,0.923060574120749,3.348564467275214e-09,4.533052672259999e-09,0.07255351514638898,0.09821788080544784,1.3537301481158652,4.518100763190075e-09,4.4093353611560345e-09,-0.025924103342311322,0.0758986469501503,2.47216796875,3.110208343561473
gwas_additive_score_near_v48_n140,2000000,2.0,30,4.615302870603745e-08,0.923060574120749,2.9270585042981003e-09,4.22265868048807e-09,0.06342072419431925,0.09149255853572376,1.4426287258309007,4.210946822261249e-09,4.201140930975363e-09,-0.01947514542416473,0.06532531365950883,2.47216796875,3.110208343561473
gwas_additive_score_near_v48_n140,2250000,2.25,30,4.615302870603745e-08,0.923060574120749,3.047562795692426e-09,3.935182679235107e-09,0.06603169675176189,0.08526380152209449,1.2912556501862031,3.924489580770679e-09,3.907029167635669e-09,-0.024030682439432183,0.06922657853183453,2.47216796875,3.110208343561473
gwas_additive_score_near_v48_n140,2500000,2.5,30,4.615302870603745e-08,0.923060574120749,3.5377959045795315e-09,3.733084200590796e-09,0.07665360223947208,0.08088492359554418,1.0552005546047674,3.722554938747617e-09,3.747655379875714e-09,-0.021662602785697316,0.07841673251202111,2.47216796875,3.110208343561473
gwas_additive_score_near_v48_n140,2750000,2.75,30,4.615302870603745e-08,0.923060574120749,3.2386641641083348e-09,3.541891514630722e-09,0.07017229973652137,0.07674234202895105,1.0936272904992208,3.5340528709613724e-09,3.527625150328153e-09,-0.019801084932870805,0.07177810408813555,2.47216796875,3.110208343561473
gwas_additive_score_near_v48_n140,3000000,3.0,30,4.615302870603745e-08,0.923060574120749,2.9457336972042915e-09,3.4100841638558224e-09,0.06382536054061712,0.07388646551401158,1.157634910138765,3.4027150847064203e-09,3.4306051081437463e-09,-0.016364101468432368,0.06485114681641539,2.47216796875,3.110208343561473
gwas_additive_score_near_v48_n140,3250000,3.25,30,4.615302870603745e-08,0.923060574120749,2.370352958125925e-09,3.2312228544807385e-09,0.051358557056426724,0.07001106850563092,1.3631821553847594,3.2272693005684653e-09,3.1981611801549147e-09,-0.014699127562844971,0.05259127641155346,2.47216796875,3.110208343561473
gwas_additive_score_near_v48_n140,3500000,3.5,30,4.615302870603745e-08,0.923060574120749,2.4287247731855104e-09,3.122243106622899e-09,0.05262330211641777,0.06764979881405847,1.285548342527001,3.1175579967541225e-09,3.1147141019569703e-09,-0.015020579618955199,0.05387506541561961,2.47216796875,3.110208343561473
gwas_additive_score_near_v48_n140,3750000,3.75,30,4.615302870603745e-08,0.923060574120749,2.072948022578074e-09,2.9964314842646406e-09,0.0449146693228153,0.06492383204902577,1.4454928206728759,2.99379839629228e-09,2.9723347986668447e-09,-0.019975246476798714,0.04846745033016946,2.47216796875,3.110208343561473
gwas_additive_score_near_v48_n140,4000000,4.0,30,4.615302870603745e-08,0.923060574120749,1.9169109831110664e-09,2.903168341710463e-09,0.041533806921327965,0.0629030948369958,1.5145034731861895,2.9011031079708873e-09,2.8940818340748126e-09,-0.01761963130837496,0.044474786350342466,2.47216796875,3.110208343561473
gwas_additive_score_near_v48_n140,4250000,4.25,30,4.615302870603745e-08,0.923060574120749,1.778671655290494e-09,2.8107805903853516e-09,0.03853856843544093,0.06090132477086304,1.5802695129395834,2.8086924719188946e-09,2.8167734273155828e-09,-0.016242065766250313,0.041225217794127654,2.47216796875,3.110208343561473
gwas_additive_score_near_v48_n140,4500000,4.5,30,4.615302870603745e-08,0.923060574120749,1.7518626895896158e-09,2.728591397801684e-09,0.03795769722389743,0.059120527391190406,1.557537251073526,2.7267903751991726e-09,2.7237248417206815e-09,-0.011998605792522987,0.03920111087142897,2.47216796875,3.110208343561473
gwas_additive_score_near_v48_n140,4750000,4.75,30,4.615302870603745e-08,0.923060574120749,1.717083620220296e-09,2.649500390565563e-09,0.037204137374318796,0.05740685854965293,1.5430235076295475,2.64771609618042e-09,2.654054903476573e-09,-0.015409581020237484,0.03969212470664105,2.47216796875,3.110208343561473
gwas_additive_score_near_v48_n140,5000000,5.0,30,4.615302870603745e-08,0.923060574120749,1.7273060363813434e-09,2.5783179054867903e-09,0.03742562698069234,0.055864544056444795,1.492681581133296,2.57628791219632e-09,2.5798507826102905e-09,-0.014124217277387108,0.03941423368234933,2.47216796875,3.110208343561473
gwas_additive_score_near_v52_n140,250000,0.25,30,4.4779212913685263e-08,0.8955842582737054,1.1607628026455963e-08,1.395169123636671e-08,0.2592191168886866,0.31156624533038285,1.2019416201628952,1.362291307285871e-08,1.3646523527572077e-08,0.02340152845650878,0.2559342957530955,2.54638671875,3.736227933878197
gwas_additive_score_near_v52_n140,500000,0.5,30,4.4779212913685263e-08,0.8955842582737054,9.76504284786415e-09,8.553897038158333e-09,0.21807089076547373,0.19102383631991265,0.8759712754388248,8.438693817893568e-09,8.445530054430409e-09,0.018479956753173488,0.215200507482839,2.54638671875,3.736227933878197
gwas_additive_score_near_v52_n140,750000,0.75,30,4.4779212913685263e-08,0.8955842582737054,8.652466111336545e-09,6.687158617722542e-09,0.1932250602085105,0.14933622506077673,0.7728615786152531,6.6132037579929104e-09,6.577446343772426e-09,0.006304389411740274,0.19008192555321493,2.54638671875,3.736227933878197
gwas_additive_score_near_v52_n140,1000000,1.0,30,4.4779212913685263e-08,0.8955842582737054,6.142977295970078e-09,5.7642302433524e-09,0.1371836818081428,0.12872558198964584,0.9383447090279589,5.735443818339165e-09,5.746926789233774e-09,-0.0014468057094711995,0.13488566905365004,2.54638671875,3.736227933878197
gwas_additive_score_near_v52_n140,1250000,1.25,30,4.4779212913685263e-08,0.8955842582737054,5.66857322516916e-09,5.125664949962218e-09,0.12658938950301984,0.1144652756590934,0.9042248809989147,5.104828405733362e-09,5.089429664373495e-09,0.0003875603759477819,0.12446228861239066,2.54638671875,3.736227933878197
gwas_additive_score_near_v52_n140,1500000,1.5,30,4.4779212913685263e-08,0.8955842582737054,4.638887450248046e-09,4.7404137940095896e-09,0.10359466253213945,0.10586192756775413,1.0218859252030603,4.722484583042337e-09,4.59158722385101e-09,0.008260759392021866,0.102187894492005,2.54638671875,3.736227933878197
gwas_additive_score_near_v52_n140,1750000,1.75,30,4.4779212913685263e-08,0.8955842582737054,4.33266630045521e-09,4.321013825519498e-09,0.09675619597885063,0.0964959753501814,0.9973105533342164,4.306412777661453e-09,4.245701002619975e-09,-0.0035591244499781904,0.09519648161463179,2.54638671875,3.736227933878197
gwas_additive_score_near_v52_n140,2000000,2.0,30,4.4779212913685263e-08,0.8955842582737054,3.4921493447466706e-09,4.043172584729118e-09,0.07798594744123813,0.09029128297816638,1.1577891394625965,4.032845307171689e-09,3.936129618870034e-09,0.0022066430433922424,0.0767069119346594,2.54638671875,3.736227933878197
gwas_additive_score_near_v52_n140,2250000,2.25,30,4.4779212913685263e-08,0.8955842582737054,3.633187077207844e-09,3.809754061695366e-09,0.08113557253029524,0.08507862943100196,1.0485983740268108,3.799553400886737e-09,3.807520968125493e-09,0.006995115422300691,0.08007796241952474,2.54638671875,3.736227933878197
gwas_additive_score_near_v52_n140,2500000,2.5,30,4.4779212913685263e-08,0.8955842582737054,3.0655187418636687e-09,3.6474737881664625e-09,0.06845852221147004,0.08145462036586477,1.1898390110474408,3.6349086913347394e-09,3.5956721555757566e-09,0.002729771211972265,0.06736320908925066,2.54638671875,3.736227933878197
gwas_additive_score_near_v52_n140,2750000,2.75,30,4.4779212913685263e-08,0.8955842582737054,3.1085350512632832e-09,3.4988339319349884e-09,0.06941915341958285,0.07813522624167624,1.1255571754010272,3.4872024099480426e-09,3.4478133581845234e-09,0.011994447107944284,0.0692982803601008,2.54638671875,3.736227933878197
gwas_additive_score_near_v52_n140,3000000,3.0,30,4.4779212913685263e-08,0.8955842582737054,3.046027057397666e-09,3.342791513877646e-09,0.06802323799815495,0.07465051965788425,1.0974267302581076,3.3339574359654895e-09,3.313258125224426e-09,0.015346466707349293,0.06861804610471137,2.54638671875,3.736227933878197
gwas_additive_score_near_v52_n140,3250000,3.25,30,4.4779212913685263e-08,0.8955842582737054,2.878013714969505e-09,3.2056934545111186e-09,0.06427119923963506,0.07158887452287947,1.1138562119552253,3.1976717642765016e-09,3.220945500007293e-09,0.016740215868439323,0.06537070427415827,2.54638671875,3.736227933878197
gwas_additive_score_near_v52_n140,3500000,3.5,30,4.4779212913685263e-08,0.8955842582737054,2.961904521500822e-09,3.112452836574002e-09,0.06614463115307719,0.06950664458023079,1.0508282133945681,3.1042201440393898e-09,3.1004848441841844e-09,0.019063987169803287,0.06776954155696466,2.54638671875,3.736227933878197
gwas_additive_score_near_v52_n140,3750000,3.75,30,4.4779212913685263e-08,0.8955842582737054,2.936384717455382e-09,3.010216447613981e-09,0.0655747282364129,0.06722352296402265,1.0251437523563263,3.003376968824717e-09,3.022502725668605e-09,0.020653471704803472,0.06769989692728151,2.54638671875,3.736227933878197
gwas_additive_score_near_v52_n140,4000000,4.0,30,4.4779212913685263e-08,0.8955842582737054,3.08865470005805e-09,2.903540401088817e-09,0.06897518958208634,0.06484125584533101,0.9400663664456393,2.8968599232717792e-09,2.9074529587732517e-09,0.013980431328192378,0.06924191898995076,2.54638671875,3.736227933878197
gwas_additive_score_near_v52_n140,4250000,4.25,30,4.4779212913685263e-08,0.8955842582737054,2.7526947655892e-09,2.800947351002112e-09,0.0614726027207131,0.06255016934757458,1.0175292175565944,2.7945915647371214e-09,2.797484687456983e-09,0.009187713230357275,0.0611337244365712,2.54638671875,3.736227933878197
gwas_additive_score_near_v52_n140,4500000,4.5,30,4.4779212913685263e-08,0.8955842582737054,2.7558819605537844e-09,2.7340688680675166e-09,0.06154377849083501,0.06105665308002634,0.9920848959431178,2.7279288794515756e-09,2.7416179227583824e-09,0.012066146377626152,0.06170068073885118,2.54638671875,3.736227933878197
gwas_additive_score_near_v52_n140,4750000,4.75,30,4.4779212913685263e-08,0.8955842582737054,2.846141979102683e-09,2.656393640120357e-09,0.06355944631248432,0.0593220261651477,0.9333313867068048,2.650426060152591e-09,2.6730231904325024e-09,0.011400663318900994,0.06352258049288871,2.54638671875,3.736227933878197
gwas_additive_score_near_v52_n140,5000000,5.0,30,4.4779212913685263e-08,0.8955842582737054,2.7120883817976125e-09,2.5868582635429903e-09,0.06056578946631627,0.057769176705479874,0.9538252075060999,2.581449221848359e-09,2.605973837337817e-09,0.012016939666910087,0.06074823342435868,2.54638671875,3.736227933878197
gwas_additive_score_near_v56_n140,250000,0.25,30,3.8826790844419235e-08,0.7765358168883847,1.2699495385154256e-08,1.2255679272965566e-08,0.3270807375258421,0.31565007064515443,0.9650524608475773,1.1702266462107533e-08,1.118909994382692e-08,-0.05581830961467127,0.3263915321409853,2.5146484375,3.3218491124545766
gwas_additive_score_near_v56_n140,500000,0.5,30,3.8826790844419235e-08,0.7765358168883847,7.979588178111567e-09,7.84216679825027e-09,0.20551758217891739,0.20197823790470346,0.9827783869550748,7.673371454281325e-09,7.3439846637695516e-09,-0.060121644664039686,0.21081786654745732,2.5146484375,3.3218491124545766
gwas_additive_score_near_v56_n140,750000,0.75,30,3.8826790844419235e-08,0.7765358168883847,7.333259561270244e-09,6.4268234170442635e-09,0.18887112227881409,0.16552548581202203,0.8763938277852297,6.350258467721133e-09,6.258158467688651e-09,0.005298501871132677,0.18577216761015408,2.5146484375,3.3218491124545766
gwas_additive_score_near_v56_n140,1000000,1.0,30,3.8826790844419235e-08,0.7765358168883847,5.8654804184950265e-09,5.480186921883206e-09,0.15106786553640966,0.14114447273900568,0.9343116899006408,5.437407040930339e-09,5.461537406604621e-09,0.0055533702875438795,0.14863251075281758,2.5146484375,3.3218491124545766
gwas_additive_score_near_v56_n140,1250000,1.25,30,3.8826790844419235e-08,0.7765358168883847,4.892521480569881e-09,4.849762452740274e-09,0.12600890710165677,0.12490763071749861,0.9912603290553921,4.8201253493185865e-09,4.6987603171199505e-09,-0.013042689192256263,0.12457560591071312,2.5146484375,3.3218491124545766
gwas_additive_score_near_v56_n140,1500000,1.5,30,3.8826790844419235e-08,0.7765358168883847,4.091623286602442e-09,4.456738559996924e-09,0.10538144403944605,0.11478513838177572,1.0892348214436092,4.4385357180574365e-09,4.3893576716009386e-09,-0.0025260185248493494,0.10364098879866729,2.5146484375,3.3218491124545766
gwas_additive_score_near_v56_n140,1750000,1.75,30,3.8826790844419235e-08,0.7765358168883847,3.983175046916954e-09,4.165517199730676e-09,0.10258831493124741,0.10728461222618417,1.0457780917649746,4.144483909095687e-09,4.06305338377338e-09,0.013281107266370995,0.10173464548506848,2.5146484375,3.3218491124545766
gwas_additive_score_near_v56_n140,2000000,2.0,30,3.8826790844419235e-08,0.7765358168883847,3.753790410354185e-09,3.877716496660219e-09,0.09668041907959374,0.09987218650643599,1.0330135870037405,3.8586409463641836e-09,3.786196942860748e-09,0.008258701561449255,0.09541351827933027,2.5146484375,3.3218491124545766
gwas_additive_score_near_v56_n140,2250000,2.25,30,3.8826790844419235e-08,0.7765358168883847,3.5310787202150077e-09,3.673152547002003e-09,0.09094438771322114,0.09460355767543335,1.0402352476521237,3.6563043996949677e-09,3.5337123298759337e-09,0.009735340520630853,0.08994421858222779,2.5146484375,3.3218491124545766
gwas_additive_score_near_v56_n140,2500000,2.5,30,3.8826790844419235e-08,0.7765358168883847,3.298635100893163e-09,3.463249088874021e-09,0.08495770649989971,0.08919740760320424,1.0499036671065212,3.451115649730821e-09,3.4078427966730086e-09,0.013331908037093276,0.08458698443520633,2.5146484375,3.3218491124545766
gwas_additive_score_near_v56_n140,2750000,2.75,30,3.8826790844419235e-08,0.7765358168883847,3.37671664806741e-09,3.2607887213754214e-09,0.08696872892735512,0.08398295739767817,0.9656684469636097,3.2510683276683535e-09,3.155130500039035e-09,0.01120496446734176,0.08623799846691425,2.5146484375,3.3218491124545766
gwas_additive_score_near_v56_n140,3000000,3.0,30,3.8826790844419235e-08,0.7765358168883847,3.380038120862433e-09,3.1727265478596286e-09,0.08705427482807951,0.08171487982545074,0.9386659068360128,3.155503761851923e-09,3.0706836862996597e-09,0.0016363923867428465,0.08560671500350556,2.5146484375,3.3218491124545766
gwas_additive_score_near_v56_n140,3250000,3.25,30,3.8826790844419235e-08,0.7765358168883847,3.3226243545721664e-09,3.029518526936317e-09,0.08557555961516565,0.07802649822581885,0.911784843437834,3.0142244877977316e-09,2.942879293829449e-09,0.0009047217636328764,0.08414207654202148,2.5146484375,3.3218491124545766
gwas_additive_score_near_v56_n140,3500000,3.5,30,3.8826790844419235e-08,0.7765358168883847,3.151315133666087e-09,2.8911993378995453e-09,0.0811634200285456,0.07446403050627377,0.9174580184039114,2.878531307089141e-09,2.820608936485579e-09,-0.005541973342569784,0.07999144242293796,2.5146484375,3.3218491124545766
gwas_additive_score_near_v56_n140,3750000,3.75,30,3.8826790844419235e-08,0.7765358168883847,2.7673624698621056e-09,2.7839499641758153e-09,0.07127456093270897,0.07170177868501244,1.0059939724175475,2.773271085108245e-09,2.7129952177757476e-09,-0.0048064610279806574,0.07024122485567567,2.5146484375,3.3218491124545766
gwas_additive_score_near_v56_n140,4000000,4.0,30,3.8826790844419235e-08,0.7765358168883847,2.5948710605788204e-09,2.6811105695955727e-09,0.06683197359721513,0.06905310769408958,1.0332346028004626,2.6717154599515533e-09,2.6017232695319265e-09,-0.005516880831533011,0.06593985829914688,2.5146484375,3.3218491124545766
gwas_additive_score_near_v56_n140,4250000,4.25,30,3.8826790844419235e-08,0.7765358168883847,2.6253255728776133e-09,2.5914714279185554e-09,0.06761634211278021,0.06674441465694918,0.987104782237751,2.583085185729992e-09,2.5153195929701636e-09,-0.005040706100400971,0.0666706790726833,2.5146484375,3.3218491124545766
gwas_additive_score_near_v56_n140,4500000,4.5,30,3.8826790844419235e-08,0.7765358168883847,2.2184348366550415e-09,2.5179702100825064e-09,0.05713670350826607,0.06485136049930396,1.135021037570391,2.5116834983357246e-09,2.462175103476868e-09,-0.001410018561628812,0.05619404722811774,2.5146484375,3.3218491124545766
gwas_additive_score_near_v56_n140,4750000,4.75,30,3.8826790844419235e-08,0.7765358168883847,2.2680190536265235e-09,2.4462313474411926e-09,0.058413765451658925,0.0630036965260239,1.0785761890005778,2.4407278716344704e-09,2.4089563404847913e-09,-0.0005839562230065543,0.057434920266075336,2.5146484375,3.3218491124545766
gwas_additive_score_near_v56_n140,5000000,5.0,30,3.8826790844419235e-08,0.7765358168883847,2.2173767076306368e-09,2.372897180900841e-09,0.05710945095915263,0.061114944843346716,1.070137145724952,2.3674403519398928e-09,2.3494028946201656e-09,8.598362266032389e-05,0.05614962572517614,2.5146484375,3.3218491124545766
gwas_additive_score_near_v68_n140,250000,0.25,30,3.86603720510305e-08,0.7732074410206101,1.5893075001966774e-08,1.576204689505081e-08,0.41109472461849056,0.40770551494552076,0.9917556478592249,1.513650413801634e-08,1.497783385776434e-08,0.1553392522109096,0.4330079215591313,2.4443359375,3.4755816396939005
gwas_additive_score_near_v68_n140,500000,0.5,30,3.86603720510305e-08,0.7732074410206101,7.819029983190151e-09,8.564014480085621e-09,0.20224921717952615,0.2215191946104757,1.0952783783278852,8.43244206912863e-09,8.183705627230519e-09,0.026576205405273168,0.20061791798129605,2.4443359375,3.4755816396939005
gwas_additive_score_near_v68_n140,750000,0.75,30,3.86603720510305e-08,0.7732074410206101,6.285502091802108e-09,6.533979084560732e-09,0.16258255568532654,0.1690097310997442,1.0395317651843121,6.4676894726835645e-09,6.540001584495573e-09,0.02053084834863106,0.161162961729159,2.4443359375,3.4755816396939005
gwas_additive_score_near_v68_n140,1000000,1.0,30,3.86603720510305e-08,0.7732074410206101,4.497205104986212e-09,5.583076705105401e-09,0.11632596548864144,0.14441342410610822,1.2414547646304244,5.556618081750175e-09,5.3733504196941765e-09,0.02943007586871116,0.11809657885649018,2.4443359375,3.4755816396939005
gwas_additive_score_near_v68_n140,1250000,1.25,30,3.86603720510305e-08,0.7732074410206101,4.162867253765336e-09,5.017039350078077e-09,0.10767788908680131,0.1297721435131493,1.2051884060295552,4.992424518411109e-09,4.868022832404297e-09,0.03269844092055152,0.11080266953862002,2.4443359375,3.4755816396939005
gwas_additive_score_near_v68_n140,1500000,1.5,30,3.86603720510305e-08,0.7732074410206101,3.4580318618691568e-09,4.581940101551299e-09,0.08944641963881415,0.11851774461723438,1.3250138473491797,4.569783567672453e-09,4.531288448907534e-09,0.04363669250848523,0.09817399954371571,2.4443359375,3.4755816396939005
gwas_additive_score_near_v68_n140,1750000,1.75,30,3.86603720510305e-08,0.7732074410206101,3.9939382274765025e-09,4.203854991873993e-09,0.10330832362928703,0.10873808938840614,1.0525588410339843,4.191034549910046e-09,4.152080947282223e-09,0.04040062811374523,0.1093117872206631,2.4443359375,3.4755816396939005
gwas_additive_score_near_v68_n140,2000000,2.0,30,3.86603720510305e-08,0.7732074410206101,3.1274561819631265e-09,3.8701704646050225e-09,0.0808956566127967,0.10010691204669517,1.2374819148307583,3.863248137737441e-09,3.889249170115677e-09,0.03167250935288379,0.08561026923738109,2.4443359375,3.4755816396939005
gwas_additive_score_near_v68_n140,2250000,2.25,30,3.86603720510305e-08,0.7732074410206101,3.3004210937225313e-09,3.6457348386035293e-09,0.0853696154130663,0.09430159735119133,1.1046271778888432,3.6377362816147106e-09,3.629082275902073e-09,0.03315889475682132,0.09024716706214643,2.4443359375,3.4755816396939005
gwas_additive_score_near_v68_n140,2500000,2.5,30,3.86603720510305e-08,0.7732074410206101,3.5436773954425875e-09,3.433748824062968e-09,0.09166175097241802,0.08881830778892984,0.9689789562895891,3.4237174933250262e-09,3.364923190520939e-09,0.026673496755706072,0.09398558116786807,2.4443359375,3.4755816396939005
gwas_additive_score_near_v68_n140,2750000,2.75,30,3.86603720510305e-08,0.7732074410206101,3.492849229485433e-09,3.2733491125942374e-09,0.09034701541089618,0.08466936397491254,0.9371572883712669,3.2631389176874616e-09,3.2339102646048557e-09,0.01343886282412754,0.08983930165137749,2.4443359375,3.4755816396939005
gwas_additive_score_near_v68_n140,3000000,3.0,30,3.86603720510305e-08,0.7732074410206101,2.7574431440725934e-09,3.106366229574749e-09,0.07132479585123633,0.0803501380037016,1.1265386328099645,3.0989999895972945e-09,3.09496946117957e-09,0.005365150063969315,0.07033091156565105,2.4443359375,3.4755816396939005
gwas_additive_score_near_v68_n140,3250000,3.25,30,3.86603720510305e-08,0.7732074410206101,2.6632972792796808e-09,2.964584720093007e-09,0.06888959257205829,0.07668277781134249,1.1131257269540757,2.957944432767138e-09,2.933788350414427e-09,-0.0018518692632991662,0.06775701330751234,2.4443359375,3.4755816396939005
gwas_additive_score_near_v68_n140,3500000,3.5,30,3.86603720510305e-08,0.7732074410206101,2.65367040282473e-09,2.846493815537083e-09,0.06864058109223488,0.07362820543423117,1.072662909646616,2.8406301868943e-09,2.8417731388588784e-09,-0.0006226217387510502,0.06748974775045403,2.4443359375,3.4755816396939005
gwas_additive_score_near_v68_n140,3750000,3.75,30,3.86603720510305e-08,0.7732074410206101,2.6128801763875105e-09,2.7537544470150217e-09,0.06758548968278394,0.0712293829811092,1.0539153199218954,2.7489786627180162e-09,2.7305386260311827e-09,0.0007024746936841186,0.06645323121691102,2.4443359375,3.4755816396939005
gwas_additive_score_near_v68_n140,4000000,4.0,30,3.86603720510305e-08,0.7732074410206101,2.36736383025845e-09,2.6587616100940243e-09,0.06123489518242614,0.06877227168389742,1.1230895632141857,2.6553073906779967e-09,2.6385558279312394e-09,0.001227597853466822,0.06021817808236255,2.4443359375,3.4755816396939005
gwas_additive_score_near_v68_n140,4250000,4.25,30,3.86603720510305e-08,0.7732074410206101,2.084476814585123e-09,2.572167154893329e-09,0.05391766048794558,0.06653239527799028,1.2339629478705774,2.5696168889317203e-09,2.5675014946732593e-09,0.0016895027579526545,0.053038332631340494,2.4443359375,3.4755816396939005
gwas_additive_score_near_v68_n140,4500000,4.5,30,3.86603720510305e-08,0.7732074410206101,2.2011749606843575e-09,2.4880866858885478e-09,0.05693620738514555,0.0643575463423981,1.1303448069003055,2.4856296114408224e-09,2.4666076101604874e-09,-0.00012819215353132574,0.055979374960060536,2.4443359375,3.4755816396939005
gwas_additive_score_near_v68_n140,4750000,4.75,30,3.86603720510305e-08,0.7732074410206101,2.073436844342497e-09,2.4159379796569317e-09,0.053632097528850065,0.06249132772100506,1.1651852267644276,2.4137432376451367e-09,2.4119103848121962e-09,0.0007286136658066766,0.05273568716128845,2.4443359375,3.4755816396939005
gwas_additive_score_near_v68_n140,5000000,5.0,30,3.86603720510305e-08,0.7732074410206101,1.9812431773081994e-09,2.35893822315769e-09,0.05124739034308876,0.061016956071813386,1.1906353799348564,2.356464268077229e-09,2.3660993688736933e-09,0.002440027923055199,0.050445074943047064,2.4443359375,3.4755816396939005
gwas_additive_score_near_v71_n140,250000,0.25,30,4.24469156993961e-08,0.8489383139879221,1.627485362164112e-08,1.5070424253844572e-08,0.38341663589641367,0.355041679837741,0.9259944577200384,1.4507143820083505e-08,1.4291690308560986e-08,0.1049373673926286,0.39130536737269667,2.47119140625,3.89404101097484
gwas_additive_score_near_v71_n140,500000,0.5,30,4.24469156993961e-08,0.8489383139879221,1.0683077381139612e-08,8.443375651077685e-09,0.25168088670554695,0.1989161170359855,0.7903505094874631,8.254561830051355e-09,8.066367849449574e-09,-0.0008608392824217548,0.2474521519123731,2.47119140625,3.89404101097484
gwas_additive_score_near_v71_n140,750000,0.75,30,4.24469156993961e-08,0.8489383139879221,6.7068114094273315e-09,6.466931490380611e-09,0.15800468182244748,0.1523533897298601,0.9642333883565689,6.404127504628183e-09,6.359853240627586e-09,-0.036390416544883175,0.1595542517291926,2.47119140625,3.89404101097484
gwas_additive_score_near_v71_n140,1000000,1.0,30,4.24469156993961e-08,0.8489383139879221,6.017180244692198e-09,5.714784584890754e-09,0.1417577731042966,0.13463368281837398,0.9497446233111947,5.681718253661221e-09,5.6373701407387535e-09,-0.009773422549329558,0.1397173712033237,2.47119140625,3.89404101097484
gwas_additive_score_near_v71_n140,1250000,1.25,30,4.24469156993961e-08,0.8489383139879221,5.056588261289041e-09,5.099980122916148e-09,0.11912734242221944,0.12014960425001399,1.0085812526915223,5.0808273385307484e-09,5.015197113994795e-09,-0.0014372544791073638,0.11713387763267186,2.47119140625,3.89404101097484
gwas_additive_score_near_v71_n140,1500000,1.5,30,4.24469156993961e-08,0.8489383139879221,4.160624408153679e-09,4.659248880103711e-09,0.09801947537528323,0.10976648840872079,1.1198436636031999,4.646218053638029e-09,4.6576051331603656e-09,-0.0007410069035980182,0.09637482066900085,2.47119140625,3.89404101097484
gwas_additive_score_near_v71_n140,1750000,1.75,30,4.24469156993961e-08,0.8489383139879221,3.901089681324925e-09,4.339817096687708e-09,0.09190513885512831,0.10224104685065377,1.1124627863499357,4.327636321727674e-09,4.310655692595859e-09,0.012338425347983684,0.09119890059524936,2.47119140625,3.89404101097484
gwas_additive_score_near_v71_n140,2000000,2.0,30,4.24469156993961e-08,0.8489383139879221,3.994106967537258e-09,3.993208776650992e-09,0.09409651800905956,0.09407535767570042,0.9997751209735827,3.980514463816905e-09,3.997676385159128e-09,0.0007025336816446348,0.09251761867317744,2.47119140625,3.89404101097484
gwas_additive_score_near_v71_n140,2250000,2.25,30,4.24469156993961e-08,0.8489383139879221,3.421558758398697e-09,3.708087950966616e-09,0.0806079476452367,0.08735824240392032,1.0837422978239357,3.6991851123013028e-09,3.6847336473916215e-09,-0.01450824711789922,0.0805701087080398,2.47119140625,3.89404101097484
gwas_additive_score_near_v71_n140,2500000,2.5,30,4.24469156993961e-08,0.8489383139879221,2.9585839951885947e-09,3.503967769384676e-09,0.06970080031587989,0.08254940816429042,1.184339459377531,3.4973105366631668e-09,3.486907393004953e-09,-0.012233304124979694,0.06961260835748508,2.47119140625,3.89404101097484
gwas_additive_score_near_v71_n140,2750000,2.75,30,4.24469156993961e-08,0.8489383139879221,2.706042512921425e-09,3.3589103776008445e-09,0.06375121650970565,0.07913202460664609,1.241262974089268,3.35465445818482e-09,3.3646762944672983e-09,-0.00430590487216409,0.06282741840168125,2.47119140625,3.89404101097484
gwas_additive_score_near_v71_n140,3000000,3.0,30,4.24469156993961e-08,0.8489383139879221,2.4722133058722953e-09,3.230059501492876e-09,0.05824247215934862,0.07609644772232133,1.3065456341572363,3.2258889391296444e-09,3.2008308459349804e-09,0.0002659792680999029,0.057264155071875524,2.47119140625,3.89404101097484
gwas_additive_score_near_v71_n140,3250000,3.25,30,4.24469156993961e-08,0.8489383139879221,2.525912108146897e-09,3.1046914708942378e-09,0.059507553529568546,0.0731429226302633,1.2291367783069675,3.100264248103602e-09,3.0594528749588985e-09,0.0016613171263542004,0.058530937153779085,2.47119140625,3.89404101097484
gwas_additive_score_near_v71_n140,3500000,3.5,30,4.24469156993961e-08,0.8489383139879221,2.576932296111209e-09,2.9936131258059793e-09,0.060709529859854366,0.07052604592065967,1.1616964599045052,2.9895574495941717e-09,2.9704032773893644e-09,0.003536209029724846,0.05979378637935248,2.47119140625,3.89404101097484
gwas_additive_score_near_v71_n140,3750000,3.75,30,4.24469156993961e-08,0.8489383139879221,2.5315259919448294e-09,2.8890574255073777e-09,0.059639810107117996,0.06806283514136413,1.1412315870744336,2.8850214522148304e-09,2.870577754187075e-09,0.0021760730461746203,0.05867775284150103,2.47119140625,3.89404101097484
gwas_additive_score_near_v71_n140,4000000,4.0,30,4.24469156993961e-08,0.8489383139879221,2.56988467347584e-09,2.8005353653538508e-09,0.06054349606165618,0.06597735828880717,1.0897513784406712,2.7961466918643407e-09,2.7504459883722242e-09,0.0009606960674553022,0.05953363773354978,2.47119140625,3.89404101097484
gwas_additive_score_near_v71_n140,4250000,4.25,30,4.24469156993961e-08,0.8489383139879221,2.5169458223338898e-09,2.7062567593889006e-09,0.05929631825686922,0.06375626390747167,1.075214545889378,2.702089398102471e-09,2.668000322997695e-09,0.0010150146815994798,0.05830850568310298,2.47119140625,3.89404101097484
gwas_additive_score_near_v71_n140,4500000,4.5,30,4.24469156993961e-08,0.8489383139879221,2.543250237812067e-09,2.6224859771023396e-09,0.05991601971325917,0.06178272163929333,1.031155305959369,2.6189887889029758e-09,2.604100495313535e-09,-0.0039849027849063745,0.05904358182344767,2.47119140625,3.89404101097484
gwas_additive_score_near_v71_n140,4750000,4.75,30,4.24469156993961e-08,0.8489383139879221,2.5142302925043656e-09,2.54295433180385e-09,0.059232343530206975,0.05990904851162199,1.011424585641625,2.5395741880791845e-09,2.5053417237557447e-09,-0.008442259968446053,0.05884550327866409,2.47119140625,3.89404101097484
gwas_additive_score_near_v71_n140,5000000,5.0,30,4.24469156993961e-08,0.8489383139879221,2.7231034478599147e-09,2.475757029322098e-09,0.06415315230780494,0.05832595816513757,0.9091674542396816,2.4721493191299283e-09,2.4720184950398212e-09,-0.008818160949029985,0.06368829836411974,2.47119140625,3.89404101097484
gwas_additive_score_near_v79_n140,250000,0.25,30,4.6984777778043985e-08,0.9396955555608797,1.4592328581205472e-08,1.6305764753038116e-08,0.3105756645298954,0.3470435644085947,1.1174203392075137,1.5649861842673153e-08,1.4809423184281808e-08,0.0680430479355687,0.31284478311767,2.5810546875,3.461890816357478
gwas_additive_score_near_v79_n140,500000,0.5,30,4.6984777778043985e-08,0.9396955555608797,1.233051809443025e-08,1.0117551075254132e-08,0.2624364459629797,0.21533678680038515,0.8205292752316932,9.857023976216597e-09,9.332965851214951e-09,0.10620801474882313,0.27902915193143696,2.5810546875,3.461890816357478
gwas_additive_score_near_v79_n140,750000,0.75,30,4.6984777778043985e-08,0.9396955555608797,9.422711173817427e-09,7.680602902827484e-09,0.20054816941627987,0.16347002723117346,0.8151160277701516,7.600985591598998e-09,7.540810400559373e-09,0.046870763151384276,0.2026716172023274,2.5810546875,3.461890816357478
gwas_additive_score_near_v79_n140,1000000,1.0,30,4.6984777778043985e-08,0.9396955555608797,7.486752313637108e-09,6.311979198043801e-09,0.15934421035264898,0.1343409396945875,0.8430864189999369,6.259348918795373e-09,6.159281577204717e-09,0.026252129399659152,0.15885024108206042,2.5810546875,3.461890816357478
gwas_additive_score_near_v79_n140,1250000,1.25,30,4.6984777778043985e-08,0.9396955555608797,5.766019002633337e-09,5.527149968054158e-09,0.12272100189282584,0.11763703542803597,0.9585729713221395,5.493399277137137e-09,5.5030308586213185e-09,0.006020047655872052,0.12080840396748885,2.5810546875,3.461890816357478
gwas_additive_score_near_v79_n140,1500000,1.5,30,4.6984777778043985e-08,0.9396955555608797,5.424809573461578e-09,4.954041252755353e-09,0.11545887476766134,0.10543928240244607,0.9132193832186764,4.929796574646719e-09,4.881918433882872e-09,-0.002785357024796431,0.11355241778263876,2.5810546875,3.461890816357478
gwas_additive_score_near_v79_n140,1750000,1.75,30,4.6984777778043985e-08,0.9396955555608797,4.321710934548079e-09,4.518935944162153e-09,0.09198108704405998,0.09617872336248134,1.0456358633423266,4.501319284653362e-09,4.4987675429503555e-09,-0.008031196017558195,0.0907909859924751,2.5810546875,3.461890816357478
gwas_additive_score_near_v79_n140,2000000,2.0,30,4.6984777778043985e-08,0.9396955555608797,4.258685219888972e-09,4.290020401148039e-09,0.0906396799407458,0.09130660192571492,1.00735794726333,4.274319545093217e-09,4.247077082273049e-09,0.0002003290380978573,0.08911644063896956,2.5810546875,3.461890816357478
gwas_additive_score_near_v79_n140,2250000,2.25,30,4.6984777778043985e-08,0.9396955555608797,3.839311683266753e-09,4.0364256959248225e-09,0.08171394789613895,0.08590922181207052,1.0513409769561484,4.019932308526685e-09,3.954814579243054e-09,0.0014129437919254695,0.08035293013682177,2.5810546875,3.461890816357478
gwas_additive_score_near_v79_n140,2500000,2.5,30,4.6984777778043985e-08,0.9396955555608797,3.817889909014935e-09,3.827787555965793e-09,0.08125801779994875,0.08146867425974122,1.0025924390662726,3.810408805014602e-09,3.774817460757952e-09,0.01139183479320205,0.08070033358980933,2.5810546875,3.461890816357478
gwas_additive_score_near_v79_n140,2750000,2.75,30,4.6984777778043985e-08,0.9396955555608797,3.572206465731356e-09,3.632624530629388e-09,0.07602901694260328,0.07731492416096764,1.0169133742625547,3.6197447193051043e-09,3.603465130845394e-09,0.02204258195333919,0.07793334623800681,2.5810546875,3.461890816357478
gwas_additive_score_near_v79_n140,3000000,3.0,30,4.6984777778043985e-08,0.9396955555608797,3.5815676271258994e-09,3.4789672078548297e-09,0.07622825511797074,0.07404456022521731,0.9713532089987637,3.467740811908221e-09,3.401780242202184e-09,0.019832463803478584,0.07752665306999716,2.5810546875,3.461890816357478
gwas_additive_score_near_v79_n140,3250000,3.25,30,4.6984777778043985e-08,0.9396955555608797,3.2521402476818983e-09,3.332257689390215e-09,0.06921689111833206,0.070922069805923,1.024635297252455,3.3229964737852376e-09,3.285779756689833e-09,0.02205052241952754,0.0715367338355493,2.5810546875,3.461890816357478
gwas_additive_score_near_v79_n140,3500000,3.5,30,4.6984777778043985e-08,0.9396955555608797,3.3920898942238917e-09,3.2296193416378546e-09,0.07219550787806465,0.06873756766275603,0.9521031111638006,3.220179556448844e-09,3.1943497107853145e-09,0.016918882716064454,0.0729705436337562,2.5810546875,3.461890816357478
gwas_additive_score_near_v79_n140,3750000,3.75,30,4.6984777778043985e-08,0.9396955555608797,3.352148029265896e-09,3.1226087302074517e-09,0.07134540563544725,0.06646000849378601,0.9315247127947651,3.114379800878781e-09,3.097806633938665e-09,0.0121924864668006,0.07119797329526596,2.5810546875,3.461890816357478
gwas_additive_score_near_v79_n140,4000000,4.0,30,4.6984777778043985e-08,0.9396955555608797,3.2810702350233923e-09,3.046981288089428e-09,0.06983262218506518,0.0648503926629889,0.9286546979594617,3.039959647628805e-09,3.0507185879422403e-09,0.017466850449796567,0.070845838375797,2.5810546875,3.461890816357478
gwas_additive_score_near_v79_n140,4250000,4.25,30,4.6984777778043985e-08,0.9396955555608797,3.153330588930571e-09,2.952481001505717e-09,0.067113876835321,0.0628390968550119,0.9363055722321297,2.9466072656090946e-09,2.9616768196111874e-09,0.021460129383733095,0.06938780297408896,2.5810546875,3.461890816357478
gwas_additive_score_near_v79_n140,4500000,4.5,30,4.6984777778043985e-08,0.9396955555608797,2.9815413592747796e-09,2.8863979870320104e-09,0.06345760265930332,0.06143261974478947,0.9680891992503128,2.879949848893494e-09,2.8740248427711324e-09,0.021876328366838838,0.06611514324951769,2.5810546875,3.461890816357478
gwas_additive_score_near_v79_n140,4750000,4.75,30,4.6984777778043985e-08,0.9396955555608797,2.7798165105251145e-09,2.808763637626016e-09,0.05916419406423423,0.0597802899248478,1.0104133229626129,2.8031603140761906e-09,2.7889054567101187e-09,0.023409974507030862,0.06270365781766267,2.5810546875,3.461890816357478
gwas_additive_score_near_v79_n140,5000000,5.0,30,4.6984777778043985e-08,0.9396955555608797,2.9868868324105556e-09,2.730035272496646e-09,0.06357137297787391,0.05810467563331529,0.9140069328617253,2.7244418794332666e-09,2.7388168579926216e-09,0.0208154641677043,0.06587785942231178,2.5810546875,3.461890816357478
